url,title,price,category,rule,deal_rating,verdict_TP_FP_UNCLEAR,root_cause,reason
https://www.ebay.de/itm/178368942581,DAB+ Für Opel Corsa D 2006-2014 Android 16 Autoradio 2+64GB CarPlay GPS NAVI BT,139.99,autoradio_opel_corsa,Android-Designradio (Guter Preis),Guter Preis,TRUE_POSITIVE,,"Android-Autoradio explizit fuer Opel Corsa D beworben, kein Exclude-Begriff (original/cd/mp3/rds) im Titel."
https://www.ebay.de/itm/377165613029,"9"" Android 13 Autoradio GPS Nav Für Opel Zafira Corsa D Astra H Antara Vectra C",159.99,autoradio_opel_corsa,Android-Designradio (Guter Preis),Guter Preis,TRUE_POSITIVE,,"Android-Autoradio explizit fuer Opel Corsa D beworben, kein Exclude-Begriff (original/cd/mp3/rds) im Titel."
https://www.ebay.de/itm/168534879720,4+64G DAB+ Android 16 Autoradio Navi GPS Carplay WiFi Für Opel Corsa D 2006-2014,144.99,autoradio_opel_corsa,Android-Designradio (Guter Preis),Guter Preis,TRUE_POSITIVE,,"Android-Autoradio explizit fuer Opel Corsa D beworben, kein Exclude-Begriff (original/cd/mp3/rds) im Titel."
https://www.ebay.de/itm/365644345695,4+64G Android Autoradio GPS Navi Für Opel Zafira B Corsa D Astra H Vivaro Vectra,149.99,autoradio_opel_corsa,Android-Designradio (Guter Preis),Guter Preis,TRUE_POSITIVE,,"Android-Autoradio explizit fuer Opel Corsa D beworben, kein Exclude-Begriff (original/cd/mp3/rds) im Titel."
https://www.ebay.de/itm/358632948719,"Für Opel Zafira Corsa D Astra H Antara Vectra C 8""Autoradio GPS Navi Android 13",145.59,autoradio_opel_corsa,Android-Designradio (Guter Preis),Guter Preis,TRUE_POSITIVE,,"Android-Autoradio explizit fuer Opel Corsa D beworben, kein Exclude-Begriff (original/cd/mp3/rds) im Titel."
https://www.ebay.de/itm/236329973654,DAB+ Carplay Autoradio Android 13 GPS NAVI Für Opel Corsa D Astra H Vivaro 1+32G,119.99,autoradio_opel_corsa,Android-Designradio (Guter Preis),Guter Preis,TRUE_POSITIVE,,"Android-Autoradio explizit fuer Opel Corsa D beworben, kein Exclude-Begriff (original/cd/mp3/rds) im Titel."
https://www.ebay.de/itm/389580925244,Android 15 Autoradio GPS Kam Apple Carplay 4+128GB FM Für Opel Corsa D 2007-2012,149.99,autoradio_opel_corsa,Android-Designradio (Guter Preis),Guter Preis,TRUE_POSITIVE,,"Android-Autoradio explizit fuer Opel Corsa D beworben, kein Exclude-Begriff (original/cd/mp3/rds) im Titel."
https://www.ebay.de/itm/364997040006,Android 14 2+32GB Navi Radio GPS Für OPEL Corsa D Vectra C Meriva  Astra Zafira,89.95,autoradio_opel_corsa,Android-Designradio (Top-Deal),Top-Deal,TRUE_POSITIVE,,"Android-Autoradio explizit fuer Opel Corsa D beworben, kein Exclude-Begriff (original/cd/mp3/rds) im Titel."
https://www.kleinanzeigen.de/s-anzeige/android-radio-opel-corsa-d/3483318299-172-3001,Android Radio Opel Corsa D,100.0,autoradio_opel_corsa,Android-Designradio (Top-Deal),Top-Deal,TRUE_POSITIVE,,"Android-Autoradio explizit fuer Opel Corsa D beworben, kein Exclude-Begriff (original/cd/mp3/rds) im Titel."
https://www.kleinanzeigen.de/s-anzeige/original-xbox-controller-xbox-series-x-/3483620713-168-6946,Original Xbox Controller (Xbox series x),30.0,controller,Xbox Wireless Controller 👍 Guter Preis,Guter Preis,TRUE_POSITIVE,,"Vollstaendiger, funktionsfaehiger Xbox Series X Controller."
https://www.kleinanzeigen.de/s-anzeige/nintendo-switch-pro-controller-mario-kart-peach-design/3483638591-279-3544,Nintendo Switch Pro Controller Mario Kart Peach Design,35.0,controller,Switch Pro Controller 👍 Guter Preis,Guter Preis,TRUE_POSITIVE,,"Vollstaendiger Switch Pro Controller (Sonderedition), kein Defekt-Signal."
https://www.kleinanzeigen.de/s-anzeige/xbox-one-controller/3483537102-227-25901,Xbox One Controller,22.0,controller,Xbox Wireless Controller 👍 Guter Preis,Guter Preis,TRUE_POSITIVE,,Vollstaendiger Xbox One Controller.
https://www.kleinanzeigen.de/s-anzeige/ps5-dualsense-controller-in-pink-neuwertig/3484004875-279-2109,PS5 DualSense Controller in Pink - Neuwertig,30.0,controller,PS5 DualSense Controller 👍 Guter Preis,Guter Preis,TRUE_POSITIVE,,Vollstaendiger PS5 DualSense Controller.
https://www.kleinanzeigen.de/s-anzeige/ps5-controller-chroma-indigo-look/3484124547-279-6816,PS5 Controller Chroma Indigo-Look,35.0,controller,PS5 DualSense Controller 👍 Guter Preis,Guter Preis,TRUE_POSITIVE,,Vollstaendiger PS5 DualSense Controller (Farbvariante).
https://www.ebay.de/itm/366426532381,ORIGINAL NINTENDO SWITCH - PRO CONTROLLER  / GAMEPAD (HAC-013)  Switch 2 kompat.,32.95,controller,Switch Pro Controller 👍 Guter Preis,Guter Preis,TRUE_POSITIVE,,"Vollstaendiger, originaler Switch Pro Controller."
https://www.ebay.de/itm/137613730852,Original Microsoft Xbox ONE Controller - Weiss - #Gut Lesen#!,26.95,controller,Xbox Wireless Controller 👍 Guter Preis,Guter Preis,TRUE_POSITIVE,,Vollstaendiger Xbox One Controller.
https://www.kleinanzeigen.de/s-anzeige/-loetaufsatz-loetspitze-fuer-xbox-series-x-ps5-controller-t900/3484217470-279-8604,Lötaufsatz / Lötspitze für Xbox Series X & PS5 Controller T900,16.0,controller,PS5 DualSense Controller ★ Top-Deal,Top-Deal,FALSE_POSITIVE,zubehoer_statt_geraet,"Titel beschreibt einen Loetaufsatz/Loetspitze (Reparaturzubehoer fuer Controller), nicht den Controller selbst."
https://www.kleinanzeigen.de/s-anzeige/ps5-controller-spinnt/3483766186-227-4900,PS5 Controller spinnt,15.0,controller,PS5 DualSense Controller ★ Top-Deal,Top-Deal,FALSE_POSITIVE,defekt_nicht_erfasst,"""PS5 Controller spinnt"" beschreibt eine Fehlfunktion (Stick-Drift-Slang); Exclude-Liste deckt nur explizite Begriffe wie 'drift'/'defekt' ab, nicht umgangssprachliche Umschreibungen."
https://www.kleinanzeigen.de/s-anzeige/microsoft-xbox-series-x-s-wireless-controller-stellar-shift-stick/3484242691-279-4616,Microsoft Xbox Series X/S Wireless Controller Stellar Shift-Stick,19.0,controller,Xbox Wireless Controller ★ Top-Deal,Top-Deal,TRUE_POSITIVE,,Vollstaendiger Xbox Series X/S Controller.
https://www.kleinanzeigen.de/s-anzeige/roter-xbox-one-controller-top-zustand/3483330995-168-6807,Roter Xbox One Controller - Top Zustand,20.0,controller,Xbox Wireless Controller ★ Top-Deal,Top-Deal,TRUE_POSITIVE,,"Vollstaendiger Xbox One Controller, guter Zustand."
https://www.kleinanzeigen.de/s-anzeige/xbox-one-controller-original-einwandfrei-gereinigt-/3483434506-279-3380,"Xbox One Controller Original einwandfrei, gereinigt,",20.0,controller,Xbox Wireless Controller ★ Top-Deal,Top-Deal,TRUE_POSITIVE,,Vollstaendiger Xbox One Controller.
https://www.kleinanzeigen.de/s-anzeige/original-xbox-series-x-s-wireless-controller/3483817863-279-9668,Original Xbox Series X/S Wireless Controller,20.0,controller,Xbox Wireless Controller ★ Top-Deal,Top-Deal,TRUE_POSITIVE,,Vollstaendiger Xbox Series X/S Controller.
https://www.ebay.de/itm/336711895099,Nintendo Switch Pro Controller - Schwarz,20.0,controller,Switch Pro Controller ★ Top-Deal,Top-Deal,TRUE_POSITIVE,,Vollstaendiger Switch Pro Controller.
https://www.kleinanzeigen.de/s-anzeige/scuf-reflex-fps-ps5-controller-originalverpackung/3484149714-225-8648,Scuf Reflex FPS PS5 Controller Originalverpackung,5.0,controller,PS5 DualSense Controller ★ Top-Deal,Top-Deal,TRUE_POSITIVE,,Vollstaendiger Scuf Reflex PS5 Controller (Premium-Drittanbieter-Controller).
https://www.kleinanzeigen.de/s-anzeige/msi-b550-a-pro-gaming-mainboard-amd-ryzen-5-3600/3483555593-230-4400,MSI B550-A Pro Gaming Mainboard  + AMD Ryzen 5 3600,70.0,cpu_mainboard_bundle,Ryzen 5 3600 + B450 Bundle ★ Guter Preis,Guter Preis,TRUE_POSITIVE,,"Echtes CPU+Mainboard-Bundle (Ryzen 5 3600 + Board). Beobachtung: Titel nennt B550-Chipsatz, Regel-Label ""B450 Bundle"" -- Produktart korrekt erkannt, Chipsatz-Generation im Label ungenau, ggf. price_history_model-Gruppierung fuer andere Chipsatz-Generationen pruefen (kein Verdict-Einfluss)."
https://www.kleinanzeigen.de/s-anzeige/gaming-pc-ryzen-5-3600-rx-5500-xt-8gb-ram-rgb-ohne-hdd-ssd/3484035331-228-9449,Gaming PC Ryzen 5 3600 RX 5500 XT 8GB RAM RGB ohne HDD SSD,350.0,gaming_pc,Gaming-PC (Mindestanforderung erfüllt),Okay,TRUE_POSITIVE,,"Dedizierte GPU + RAM-Spezifikation explizit genannt, Preis stimmig."
https://www.kleinanzeigen.de/s-anzeige/-medion-erazer-p15805-15-6-i5-9300h-nvidia-gtx-1660-ti-16-gb-ram-512-gb-m-2-ssd-akku-90-/3483130567-278-1007,"⚡️Medion Erazer P15805 | 15,6"" |  i5-9300H | NVIDIA GTX 1660 Ti | 16 GB RAM | 512 GB M.2 SSD | Akku 90 %",419.0,gaming_pc,Gaming-PC (Mindestanforderung erfüllt),Okay,TRUE_POSITIVE,,"Dediziertes Notebook mit GTX 1660 Ti, im Rahmen der Kategorie-Definition genuine Gaming-Hardware."
https://www.kleinanzeigen.de/s-anzeige/gaming-pc-ryzen-5-5500-16gb-ddr4-ram-3200mhz-b450-mobo-gtx-1650/3484413590-228-1967,Gaming Pc Ryzen 5 5500/ 16gb ddr4 ram 3200mhz/ b450 Mobo/Gtx 1650,350.0,gaming_pc,Gaming-PC (Mindestanforderung erfüllt),Okay,TRUE_POSITIVE,,Dedizierte GPU + RAM explizit genannt.
https://www.kleinanzeigen.de/s-anzeige/asus-prime-x470-pro-ryzen-5-2600x-24gb-ddr4-ram-rtx2080-8gb/3483841191-225-1668,Asus Prime X470 Pro/Ryzen 5 2600X/24GB DDR4 RAM/RTX2080 8GB,400.0,gaming_pc,Gaming-PC (Mindestanforderung erfüllt),Okay,TRUE_POSITIVE,,Dedizierte GPU (RTX 2080) + RAM explizit genannt.
https://www.kleinanzeigen.de/s-anzeige/gaming-pc-intel-core-i5-10400f-rtx-2060-16gb-ram/3483299212-228-2960,Gaming PC Intel Core i5 10400F RTX 2060 16GB RAM,390.0,gaming_pc,Gaming-PC (Mindestanforderung erfüllt),Okay,TRUE_POSITIVE,,Dedizierte GPU (RTX 2060) + RAM explizit genannt.
https://www.kleinanzeigen.de/s-anzeige/i5-9600k-gtx-1650-super-16gb-ddr4-750-gb-ssd-gaming-pc-win11/3483290260-228-903,"I5-9600K, GTX 1650 Super, 16GB DDR4, 750 GB SSD, Gaming PC Win11",429.0,gaming_pc,Gaming-PC (Mindestanforderung erfüllt),Okay,TRUE_POSITIVE,,Dedizierte GPU (GTX 1650 Super) + RAM + SSD explizit genannt.
https://www.kleinanzeigen.de/s-anzeige/gaming-pc-ryzen-5-3400g-16gb-ddr4-400gb-ssd-gtx-1650/3483227576-228-1106,Gaming PC- Ryzen 5 3400G/16GB DDR4/400GB SSD/ GTX 1650,200.0,gaming_pc,Gaming-PC (Mindestanforderung erfüllt),Okay,TRUE_POSITIVE,,Dedizierte GPU (GTX 1650) + RAM/SSD explizit genannt.
https://www.kleinanzeigen.de/s-anzeige/pc-i7-11700f-gtx-1060-6gb-16gb-ddr4-3000mhz-256gb-nvme-m-2-ssd/3483935760-228-1907,pc i7 11700f GTX 1060 6GB 16GB DDR4 3000mhz 256GB Nvme M.2 SSD,270.0,gaming_pc,"Gaming-PC (Top-Deal, bevorzugte GPU)",Top-Deal,TRUE_POSITIVE,,Dedizierte GPU (GTX 1060) + RAM/SSD explizit genannt.
https://www.kleinanzeigen.de/s-anzeige/gaming-pc-intel-i5-8400-16gb-ddr4-ram-gtx-1060-6gb-win-11-ssd/3483217740-228-26379,"Gaming PC Intel i5-8400, 16GB DDR4 RAM, GTX 1060 6GB, Win 11, SSD",219.0,gaming_pc,"Gaming-PC (Top-Deal, bevorzugte GPU)",Top-Deal,TRUE_POSITIVE,,Dedizierte GPU (GTX 1060) + RAM/SSD explizit genannt.
https://www.kleinanzeigen.de/s-anzeige/gtx1070-gaming-pc-ryzen-5-2400g-16gb-ddr4-ram/3483433723-228-9134,"GTX1070 Gaming PC - Ryzen 5 2400G, 16GB Ddr4 Ram",265.0,gaming_pc,"Gaming-PC (Top-Deal, bevorzugte GPU)",Top-Deal,TRUE_POSITIVE,,Dedizierte GPU (GTX 1070) + RAM explizit genannt.
https://www.kleinanzeigen.de/s-anzeige/gaming-pc-ryzen-5-2600-16gb-ddr4-256gb-ssd-gtx-1070-8gb/3483318233-228-18843,Gaming PC Ryzen 5 2600 | 16GB DDR4 | 256GB SSD | GTX 1070 8GB,300.0,gaming_pc,"Gaming-PC (Top-Deal, bevorzugte GPU)",Top-Deal,TRUE_POSITIVE,,Dedizierte GPU (GTX 1070) + RAM/SSD explizit genannt.
https://www.kleinanzeigen.de/s-anzeige/tausche-gaming-core-i5-9400f-16gb-ddr4-750gb-gtx-1070-8gb-win-11/3484095258-228-6862,Tausche/Gaming:Core i5 9400F 16Gb DDR4 750Gb GTX 1070 8Gb Win 11,250.0,gaming_pc,"Gaming-PC (Top-Deal, bevorzugte GPU)",Top-Deal,UNCLEAR,exclude_flexionsform_nicht_erfasst,"Titel beginnt mit ""Tausche/..."" (Tauschangebot). Globaler Exclude-Begriff ist der Wortstamm ""tausch"" (whole-word-Match) -- ""Tausche"" (flektierte Form) wird davon NICHT erfasst, da kein Wortende nach ""tausch"" vorliegt. evaluate() bestaetigt: matcht weiterhin. Unklar ob reines Tauschangebot oder Verkauf mit Tauschoption -- echte Preisangabe (250€) spricht eher fuer Verkauf, daher UNCLEAR statt FP."
https://www.kleinanzeigen.de/s-anzeige/pc-i5-8400-gtx-1660-6gb-16gb-ram-1tb-ssd-1tb-hdd/3484050406-228-4506,PC i5-8400 | GTX 1660 6GB | 16GB RAM | 1TB SSD + 1TB HDD,300.0,gaming_pc,"Gaming-PC (Top-Deal, bevorzugte GPU)",Top-Deal,TRUE_POSITIVE,,Dedizierte GPU (GTX 1660) + RAM/SSD explizit genannt.
https://www.kleinanzeigen.de/s-anzeige/gaming-pc-intel-core-i5-8400-16gb-ddr4-ram-gtx-1060-6gb-win-11/3483217740-228-26379,"Gaming PC Intel Core i5-8400, 16GB DDR4 RAM, GTX 1060 6GB, Win 11",169.0,gaming_pc,"Gaming-PC (Top-Deal, bevorzugte GPU)",Top-Deal,TRUE_POSITIVE,,Dedizierte GPU (GTX 1060) + RAM explizit genannt.
https://www.ebay.de/itm/287523760936,FUJITSU P758 BUDGET GAMING PC i5 9400F 16GB DDR4 256GB SSD + 500GB HDD GTX1050,199.99,gaming_pc,Gaming-PC (Mindestanforderung erfüllt),Okay,TRUE_POSITIVE,,"Dedizierte GPU (GTX 1070) + RAM explizit genannt (Tauschhinweis nur im Nebensatz, primaer Verkauf)."
https://www.ebay.de/itm/358921985079,Gigabyte NVIDIA GeForce RTX 3060 12GB VISION,280.0,gpu,RTX 3060 12GB,Guter Preis,TRUE_POSITIVE,,"Eigenstaendige dedizierte Grafikkarte, Modellbezeichnung im Titel eindeutig und korrekt der Regel zugeordnet."
https://www.kleinanzeigen.de/s-anzeige/rtx-3070-suprim-x/3484423657-225-20383,RTX 3070 Suprim X,300.0,gpu,RTX 3070,Guter Preis,TRUE_POSITIVE,,"Eigenstaendige dedizierte Grafikkarte, Modellbezeichnung im Titel eindeutig und korrekt der Regel zugeordnet."
https://www.kleinanzeigen.de/s-anzeige/xfx-radeon-rx-6750-xt-qick-319-12gb/3483103747-225-7737,XFX Radeon RX 6750 XT QICK 319 12GB,300.0,gpu,RX 6750 XT,Guter Preis,TRUE_POSITIVE,,"Eigenstaendige dedizierte Grafikkarte, Modellbezeichnung im Titel eindeutig und korrekt der Regel zugeordnet."
https://www.kleinanzeigen.de/s-anzeige/msi-geforce-rtx-3070-gaming-z-trio-8g-lhr-grafikkarte-guter-zu/3483223297-225-1254,"MSI GeForce RTX 3070 Gaming Z Trio 8G LHR – Grafikkarte, guter Zu",300.0,gpu,RTX 3070,Guter Preis,TRUE_POSITIVE,,"Eigenstaendige dedizierte Grafikkarte, Modellbezeichnung im Titel eindeutig und korrekt der Regel zugeordnet."
https://www.kleinanzeigen.de/s-anzeige/palit-rtx-3070-jetstream-custom-luefter-oder-serie/3483964008-225-20036,Palit RTX 3070 JetStream - Custom Lüfter oder Serie,299.0,gpu,RTX 3070,Guter Preis,TRUE_POSITIVE,,"Eigenstaendige dedizierte Grafikkarte, Modellbezeichnung im Titel eindeutig und korrekt der Regel zugeordnet."
https://www.kleinanzeigen.de/s-anzeige/asus-radeon-rx-6700-xt-grafikkarte/3483459199-225-2019,Asus Radeon RX 6700 XT Grafikkarte,299.0,gpu,RX 6700 XT,Guter Preis,TRUE_POSITIVE,,"Eigenstaendige dedizierte Grafikkarte, Modellbezeichnung im Titel eindeutig und korrekt der Regel zugeordnet."
https://www.kleinanzeigen.de/s-anzeige/msi-geforce-rtx-3070-grafikkarte/3483775578-225-4499,MSI GeForce RTX 3070 | GRAFIKKARTE,290.0,gpu,RTX 3070,Guter Preis,TRUE_POSITIVE,,"Eigenstaendige dedizierte Grafikkarte, Modellbezeichnung im Titel eindeutig und korrekt der Regel zugeordnet."
https://www.kleinanzeigen.de/s-anzeige/aorus-geforce-rtx-3060-ti-elite-8g-ovp/3484461560-225-5326,AORUS GeForce RTX 3060 Ti Elite 8G -- OVP,200.0,gpu,RTX 3060 Ti ★ Top-Deal,Top-Deal,TRUE_POSITIVE,,"Eigenstaendige dedizierte Grafikkarte, Modellbezeichnung im Titel eindeutig und korrekt der Regel zugeordnet."
https://www.kleinanzeigen.de/s-anzeige/msi-rtx-3060ti-gaming-x-trio-grafikkarte/3483389209-225-2676,MSI RTX 3060Ti Gaming X Trio Grafikkarte,210.0,gpu,RTX 3060 Ti ★ Top-Deal,Top-Deal,TRUE_POSITIVE,,"Eigenstaendige dedizierte Grafikkarte, Modellbezeichnung im Titel eindeutig und korrekt der Regel zugeordnet."
https://www.kleinanzeigen.de/s-anzeige/geforce-rtx-3060-12gb-vram-150-bei-heutiger-abholung-/3484086774-225-1032,Geforce RTX 3060 12GB Vram 150 bei heutiger Abholung!,230.0,gpu,RTX 3060 12GB ★ Top-Deal,Top-Deal,TRUE_POSITIVE,,"Eigenstaendige dedizierte Grafikkarte, Modellbezeichnung im Titel eindeutig und korrekt der Regel zugeordnet."
https://www.kleinanzeigen.de/s-anzeige/asus-nvidia-rtx-3070/3484462369-225-4440,Asus Nvidia RTX 3070,240.0,gpu,RTX 3070 ★ Top-Deal,Top-Deal,TRUE_POSITIVE,,"Eigenstaendige dedizierte Grafikkarte, Modellbezeichnung im Titel eindeutig und korrekt der Regel zugeordnet."
https://www.kleinanzeigen.de/s-anzeige/geforce-rtx-3060/3483100389-225-1121,Geforce RTX 3060,210.0,gpu,RTX 3060 12GB ★ Top-Deal,Top-Deal,TRUE_POSITIVE,,"Eigenstaendige dedizierte Grafikkarte, Modellbezeichnung im Titel eindeutig und korrekt der Regel zugeordnet."
https://www.ebay.de/itm/128024328774,XFX Speedster SWFT319 Radeon RX 6800 16GB GDDR6 – Gaming Grafikkarte,300.0,gpu,RX 6800 ★ Top-Deal,Top-Deal,TRUE_POSITIVE,,"Eigenstaendige dedizierte Grafikkarte, Modellbezeichnung im Titel eindeutig und korrekt der Regel zugeordnet."
https://www.kleinanzeigen.de/s-anzeige/msi-geforce-rtx-3060-ti-ventus-2x-oc-edition/3483186008-225-1340,MSI GeForce RTX 3060 Ti Ventus 2X OC Edition,200.0,gpu,RTX 3060 Ti ★ Top-Deal,Top-Deal,TRUE_POSITIVE,,"Eigenstaendige dedizierte Grafikkarte, Modellbezeichnung im Titel eindeutig und korrekt der Regel zugeordnet."
https://www.kleinanzeigen.de/s-anzeige/asus-rtx-3060/3484030436-225-2761,Asus rtx 3060,180.0,gpu,RTX 3060 12GB ★ Top-Deal,Top-Deal,TRUE_POSITIVE,,"Eigenstaendige dedizierte Grafikkarte, Modellbezeichnung im Titel eindeutig und korrekt der Regel zugeordnet."
https://www.kleinanzeigen.de/s-anzeige/nintendo-3ds-xl-mit-spielen-abholung-/3483827123-227-5723,Nintendo 3DS XL mit Spielen !ABHOLUNG!,90.0,handhelds,Nintendo New 3DS / 3DS XL / 2DS XL 👍 Guter Preis,Guter Preis,TRUE_POSITIVE,,"Konsole (3DS XL) explizit im Titel, Spiele als Bonus/Zubehoer im Bundle, kein Alleinstellungs-Exclude-Fall."
https://www.kleinanzeigen.de/s-anzeige/wd-sn770-crucial-p310-ssd-2tb-2230-fuer-steam-deck-etc-/3483026291-225-3397,WD SN770 - Crucial P310 - SSD 2TB - 2230 - für Steam Deck etc.,220.0,handhelds,Valve Steam Deck 👍 Guter Preis,Guter Preis,FALSE_POSITIVE,zubehoer_statt_geraet,"Titel beschreibt eine interne SSD (WD SN770/Crucial P310) ALS Upgrade-Komponente ""fuer Steam Deck"", nicht das Handheld-Geraet selbst."
https://www.kleinanzeigen.de/s-anzeige/asus-rog-ally-z1-extreme-16gb-512gb-neuwertig/3484110397-279-4283,ASUS ROG Ally Z1 Extreme 16GB / 512GB neuwertig,300.0,handhelds,Asus ROG Ally / Lenovo Legion Go 👍 Guter Preis,Guter Preis,TRUE_POSITIVE,,"Vollstaendiges ROG Ally Handheld, neuwertig."
https://www.kleinanzeigen.de/s-anzeige/nintendo-3ds-xl-schwarz-spiele-zusaetzlich/3484117865-279-1814,NINTENDO 3DS XL SCHWARZ  SPIELE ZUSÄTZLICH,95.0,handhelds,Nintendo New 3DS / 3DS XL / 2DS XL 👍 Guter Preis,Guter Preis,TRUE_POSITIVE,,"Konsole (3DS XL) explizit im Titel, Spiele als Zusatz."
https://www.kleinanzeigen.de/s-anzeige/pokemon-alpha-saphir-nintendo-3ds-xl/3483770283-227-5801,Pokemon Alpha Saphir + Nintendo 3Ds XL,80.0,handhelds,Nintendo New 3DS / 3DS XL / 2DS XL 👍 Guter Preis,Guter Preis,TRUE_POSITIVE,,Konsole (3DS XL) + Spiel im Bundle.
https://www.kleinanzeigen.de/s-anzeige/nintendo-3ds-xl-mit-spiele-abholung-/3483617810-227-5723,Nintendo 3DS XL mit Spiele!ABHOLUNG!,90.0,handhelds,Nintendo New 3DS / 3DS XL / 2DS XL 👍 Guter Preis,Guter Preis,TRUE_POSITIVE,,"Konsole (3DS XL) explizit im Titel, Spiele als Zusatz."
https://www.kleinanzeigen.de/s-anzeige/nintendo-3ds-xl-schwarz-mit-speicherkarte/3483774363-279-1814,NINTENDO 3DS XL SCHWARZ MIT  SPEICHERKARTE,95.0,handhelds,Nintendo New 3DS / 3DS XL / 2DS XL 👍 Guter Preis,Guter Preis,TRUE_POSITIVE,,Konsole (3DS XL) + Speicherkarte.
https://www.ebay.de/itm/158154459662,Sony PS Vita In-Ear Headset Original PCH-ZHS1 OVP | Neuwertig | Rarität Zubehör,39.9,handhelds,PlayStation Vita (PCH-1000 / PCH-2000) ★ Top-Deal,Top-Deal,FALSE_POSITIVE,zubehoer_statt_geraet,"Titel beschreibt explizit ein In-Ear-Headset (Zubehoer) fuer PS Vita, nicht die Konsole selbst (""Zubehoer"" steht sogar woertlich im Titel)."
https://www.ebay.de/itm/227474832020,Xenoblade Chronicles für Nintendo New 3DS OVP,18.0,handhelds,Nintendo New 3DS / 3DS XL / 2DS XL ★ Top-Deal,Top-Deal,FALSE_POSITIVE,spieltitel_ohne_konsole,"""Xenoblade Chronicles fuer Nintendo New 3DS"" ist ein einzelnes Spiel (Modul), keine Konsole -- bekanntes strukturelles Muster (Plattformname nur als Kompatibilitaetsangabe)."
https://www.kleinanzeigen.de/s-anzeige/elgato-steamdeck-/3482993844-225-4926,Elgato SteamDeck+,139.0,handhelds,Valve Steam Deck ★ Top-Deal,Top-Deal,UNCLEAR,unklarer_titel,"""Elgato SteamDeck+"" -- Elgato stellt keine Handheld-Konsolen her (bekannt fuer Capture-Cards/Streaming-Zubehoer); Produktbezeichnung ungewoehnlich/nicht eindeutig zuordenbar, generisches Match-Signal ('steamdeck') allein reicht fuer eine sichere Einordnung nicht aus."
https://www.ebay.de/itm/366601167118,ASUS ROG Ally Z1 Extreme RC71L-NH001W,250.0,handhelds,Asus ROG Ally / Lenovo Legion Go ★ Top-Deal,Top-Deal,TRUE_POSITIVE,,Vollstaendiges ROG Ally Handheld.
https://www.ebay.de/itm/366139950101,Fikwot M.2 2230 SSD PCIe Gen4 Interne SSD 1TB 2TB Festplatte For Steam Deck ASUS,149.99,handhelds,Valve Steam Deck ★ Top-Deal,Top-Deal,FALSE_POSITIVE,zubehoer_statt_geraet,"Titel beschreibt explizit eine interne M.2 SSD ""For Steam Deck"", nicht das Geraet selbst."
https://www.kleinanzeigen.de/s-anzeige/defekte-asus-rog-ally-z1-extreme-1tb/3483227362-279-9289,Defekte Asus ROG Ally Z1 Extreme 1TB,200.0,handhelds,Asus ROG Ally / Lenovo Legion Go ★ Top-Deal,Top-Deal,FALSE_POSITIVE,exclude_flexionsform_nicht_erfasst,"""Defekte Asus ROG Ally"" -- Exclude-Begriff ist der Wortstamm ""defekt"" (whole-word); ""Defekte"" (flektierte Form) wird NICHT erfasst. evaluate() bestaetigt: matcht trotz explizitem Defekt-Hinweis weiterhin."
https://www.kleinanzeigen.de/s-anzeige/modded-sd-karten-fuer-3ds-3ds-xl-/3483658305-225-9214,Modded SD Karten für 3ds/3ds xl/,30.0,handhelds,Nintendo New 3DS / 3DS XL / 2DS XL ★ Top-Deal,Top-Deal,FALSE_POSITIVE,exclude_flexionsform_nicht_erfasst,"""Modded SD Karten"" (Plural) ist reines Speicherkarten-Zubehoer, keine Konsole. Exclude-Begriff ist Singular ""sd karte"" (whole-word); Plural ""Karten"" wird NICHT erfasst."
https://www.ebay.de/itm/116433356477,Nintendo DS und 3DS Spiele (AUSWAHL) Module - Sammlung Konvolut - 2DS DSi XL,39.0,handhelds,Nintendo New 3DS / 3DS XL / 2DS XL ★ Top-Deal,Top-Deal,FALSE_POSITIVE,spielesammlung_ohne_konsole,"""Spiele (AUSWAHL) Module - Sammlung Konvolut"" -- reine Spielesammlung; ""2DS DSi XL"" am Ende liest sich als Kompatibilitaets-/Systemangabe, nicht als mitverkauftes Geraet. Exclude-Begriffe ""spiel""/""modul"" sind vorhanden, verhindern das Match aber nicht (require_all_of bereits durch Konsolen-Namen im Titel erfuellt)."
https://www.kleinanzeigen.de/s-anzeige/iphone-14-128-gb-in-hinmelblau-guter-gebrauchter-zustand/3483492311-173-17426,"iPhone 14 - 128 GB in Hinmelblau, guter gebrauchter Zustand",200.0,iphone,iPhone 14 (≤256GB) 👍 Guter Preis,Guter Preis,TRUE_POSITIVE,,"iPhone-Modell und Speichergroesse im Titel eindeutig, korrekt der Speicher-Preisstufe zugeordnet."
https://www.kleinanzeigen.de/s-anzeige/iphone-14-pro-max-512-gb-silber-neuer-akku/3483330873-173-4261,iPhone 14 Pro Max 512 GB Silber NEUER AKKU,390.0,iphone,iPhone 14 Pro Max (≥512GB) 👍 Guter Preis,Guter Preis,TRUE_POSITIVE,,"iPhone-Modell und Speichergroesse im Titel eindeutig, korrekt der Speicher-Preisstufe zugeordnet."
https://www.kleinanzeigen.de/s-anzeige/apple-iphone-11-64gb-schwarz/3483550836-173-20520,"Apple iPhone 11, 64GB, Schwarz",85.0,iphone,iPhone 11 (≤256GB) 👍 Guter Preis,Guter Preis,TRUE_POSITIVE,,"iPhone-Modell und Speichergroesse im Titel eindeutig, korrekt der Speicher-Preisstufe zugeordnet."
https://www.kleinanzeigen.de/s-anzeige/apple-iphone-11-pro-gebraucht-512-gb/3483264532-173-8497,Apple iPhone 11 Pro gebraucht 512 GB,190.0,iphone,iPhone 11 Pro (≥512GB) 👍 Guter Preis,Guter Preis,TRUE_POSITIVE,,"iPhone-Modell und Speichergroesse im Titel eindeutig, korrekt der Speicher-Preisstufe zugeordnet."
https://www.kleinanzeigen.de/s-anzeige/apple-iphone-14-pro-128gb-space-black-festpreis/3484268288-173-8728,Apple IPhone 14 Pro 128GB Space Black  Festpreis,240.0,iphone,iPhone 14 Pro (≤256GB) 👍 Guter Preis,Guter Preis,TRUE_POSITIVE,,"iPhone-Modell und Speichergroesse im Titel eindeutig, korrekt der Speicher-Preisstufe zugeordnet."
https://www.kleinanzeigen.de/s-anzeige/apple-iphone-16-pro-256gb-gut-erhalten/3483281628-173-645,Apple iPhone 16 Pro / 256GB / Gut erhalten,649.0,iphone,iPhone 16 Pro (≤256GB) ⚠️ Okay,Okay,TRUE_POSITIVE,,"iPhone-Modell und Speichergroesse im Titel eindeutig, korrekt der Speicher-Preisstufe zugeordnet."
https://www.ebay.de/itm/158183203463,"Apple iPhone 15 128GB Pink 6,1"" 48MP A16 Bionic 5G Modell A3090",350.0,iphone,iPhone 15 (≤256GB) ⚠️ Okay,Okay,TRUE_POSITIVE,,"iPhone-Modell und Speichergroesse im Titel eindeutig, korrekt der Speicher-Preisstufe zugeordnet."
https://www.ebay.de/itm/287522852478,Apple iPhone 13 - 128GB - Weiß - Zustand GUT – 12 Monate Gewährleistung,219.99,iphone,iPhone 13 (≤256GB) ⚠️ Okay,Okay,TRUE_POSITIVE,,"iPhone-Modell und Speichergroesse im Titel eindeutig, korrekt der Speicher-Preisstufe zugeordnet."
https://www.ebay.de/itm/377415436726,iPhone 15 Rosa • 128GB • Top Zustand,360.0,iphone,iPhone 15 (≤256GB) ⚠️ Okay,Okay,TRUE_POSITIVE,,"iPhone-Modell und Speichergroesse im Titel eindeutig, korrekt der Speicher-Preisstufe zugeordnet."
https://www.kleinanzeigen.de/s-anzeige/verkaufe-ein-iphone-13-mit-128-gb-200-/3484019581-173-8755,Verkaufe ein iPhone 13 mit 128 Gb 200€,200.0,iphone,iPhone 13 (≤256GB) ⚠️ Okay,Okay,TRUE_POSITIVE,,"iPhone-Modell und Speichergroesse im Titel eindeutig, korrekt der Speicher-Preisstufe zugeordnet."
https://www.kleinanzeigen.de/s-anzeige/iphone-16-128gb/3483307220-173-2025,iPhone 16 128GB,270.0,iphone,iPhone 16 (≤256GB) ★ Top-Deal,Top-Deal,TRUE_POSITIVE,,"iPhone-Modell und Speichergroesse im Titel eindeutig, korrekt der Speicher-Preisstufe zugeordnet."
https://www.kleinanzeigen.de/s-anzeige/iphone-13-128gb/3483908967-173-8355,iPhone 13 128gb,99.0,iphone,iPhone 13 (≤256GB) ★ Top-Deal,Top-Deal,TRUE_POSITIVE,,"iPhone-Modell und Speichergroesse im Titel eindeutig, korrekt der Speicher-Preisstufe zugeordnet."
https://www.kleinanzeigen.de/s-anzeige/iphone-15-pro-128gb-in-titanblau-mit-zubehoer/3484321651-173-1965,iPhone 15 Pro 128GB in Titanblau mit Zubehör,365.0,iphone,iPhone 15 Pro (≤256GB) ★ Top-Deal,Top-Deal,TRUE_POSITIVE,,"iPhone-Modell und Speichergroesse im Titel eindeutig, korrekt der Speicher-Preisstufe zugeordnet."
https://www.kleinanzeigen.de/s-anzeige/iphone-13-schwarz-128-gb/3483773086-173-8245,iPhone 13 schwarz 128 GB,100.0,iphone,iPhone 13 (≤256GB) ★ Top-Deal,Top-Deal,TRUE_POSITIVE,,"iPhone-Modell und Speichergroesse im Titel eindeutig, korrekt der Speicher-Preisstufe zugeordnet."
https://www.kleinanzeigen.de/s-anzeige/apple-iphone-16-pro-128gb-titan-schwarz-93-/3483971960-173-247,Apple iPhone 16 Pro 128GB Titan Schwarz 93%,525.0,iphone,iPhone 16 Pro (≤256GB) ★ Top-Deal,Top-Deal,TRUE_POSITIVE,,"iPhone-Modell und Speichergroesse im Titel eindeutig, korrekt der Speicher-Preisstufe zugeordnet."
https://www.ebay.de/itm/298585747761,Sony PlayStation 4 500GB Spielkonsole Schwarz CUH 1004A mit Controller 3x Spiele,99.99,konsolen_bundles,PS4 Slim / Pro Bundle 👍 Guter Preis,Guter Preis,TRUE_POSITIVE,,Vollstaendige PS4-Konsole + Controller + Spiele im Bundle.
https://www.kleinanzeigen.de/s-anzeige/nintendo-switch-konsole-inklusive-ovp-und-zubehoer/3483059512-279-1604,Nintendo Switch Konsole Inklusive OVP und Zubehör,130.0,konsolen_bundles,Nintendo Switch (V1/V2/OLED) 👍 Guter Preis,Guter Preis,TRUE_POSITIVE,,Vollstaendige Switch-Konsole.
https://www.kleinanzeigen.de/s-anzeige/ps4-pro-2-controller-fernsehr/3484053618-279-3746,PS4 pro +2 Controller + Fernsehr,100.0,konsolen_bundles,PS4 Slim / Pro Bundle 👍 Guter Preis,Guter Preis,TRUE_POSITIVE,,"Vollstaendige PS4-Pro-Konsole + Zubehoer (Titel nennt ""Fernsehr"" zusaetzlich, Kernprodukt Konsole trotzdem eindeutig vorhanden)."
https://www.kleinanzeigen.de/s-anzeige/nintendo-switch-lite-konsole/3484398620-279-3075,Nintendo Switch Lite Konsole,95.0,konsolen_bundles,Nintendo Switch Lite 👍 Guter Preis,Guter Preis,TRUE_POSITIVE,,Vollstaendige Switch-Lite-Konsole.
https://www.kleinanzeigen.de/s-anzeige/playstation-4-slim-konsole-mit-2-controllern-und-2-spielen/3483072476-279-5189,PlayStation 4 Slim Konsole mit 2 Controllern und 2 Spielen,100.0,konsolen_bundles,PS4 Slim / Pro Bundle 👍 Guter Preis,Guter Preis,TRUE_POSITIVE,,Vollstaendige PS4-Slim-Konsole + Controller + Spiele.
https://www.kleinanzeigen.de/s-anzeige/sony-playstation-4-pro-inkl-2-spiele/3483291754-279-14380,Sony PlayStation 4 pro inkl. 2 Spiele,85.0,konsolen_bundles,PS4 Slim / Pro Bundle 👍 Guter Preis,Guter Preis,TRUE_POSITIVE,,Vollstaendige PS4-Pro-Konsole + Spiele.
https://www.kleinanzeigen.de/s-anzeige/nintendo-switch-lite-koralle-/3483808939-279-4934,Nintendo Switch Lite (Koralle),90.0,konsolen_bundles,Nintendo Switch Lite 👍 Guter Preis,Guter Preis,TRUE_POSITIVE,,Vollstaendige Switch-Lite-Konsole.
https://www.kleinanzeigen.de/s-anzeige/playstation-4-slim/3483732665-279-1840,Playstation 4 slim,55.0,konsolen_bundles,PS4 Slim / Pro Bundle ★ Top-Deal,Top-Deal,TRUE_POSITIVE,,Vollstaendige PS4-Slim-Konsole.
https://www.kleinanzeigen.de/s-anzeige/playstation-4-slim/3484229413-279-6808,PlayStation 4 Slim,60.0,konsolen_bundles,PS4 Slim / Pro Bundle ★ Top-Deal,Top-Deal,TRUE_POSITIVE,,Vollstaendige PS4-Slim-Konsole.
https://www.kleinanzeigen.de/s-anzeige/playstation-4-pro-gebraucht-guter-zustand/3483335079-279-18675,"PlayStation 4 Pro – gebraucht, guter Zustand",1.0,konsolen_bundles,PS4 Slim / Pro Bundle ★ Top-Deal,Top-Deal,TRUE_POSITIVE,,"Vollstaendige PS4-Pro-Konsole (Preis 1€ wirkt wie VB-/Platzhalterpreis, aendert aber nichts an der Produktkorrektheit)."
https://www.ebay.de/itm/198567343974,Nintendo Switch Konsole mit Joy-Con - Neon-Rot/Neon-Blau/Grau,99.0,konsolen_bundles,Nintendo Switch (V1/V2/OLED) ★ Top-Deal,Top-Deal,TRUE_POSITIVE,,Vollstaendige Switch-Konsole + Joy-Cons.
https://www.kleinanzeigen.de/s-anzeige/nintendo-switch-spiele-bundle/3484426930-227-1710,Nintendo Switch Spiele Bundle,25.0,konsolen_bundles,Nintendo Switch (V1/V2/OLED) ★ Top-Deal,Top-Deal,UNCLEAR,spiele_bundle_ohne_eindeutiges_geraet,"""Nintendo Switch Spiele Bundle"" -- Formulierung ist fuer Konsole+Spiele UND fuer ein reines Spiele-Bundle ohne Konsole plausibel; Preis (25€) liegt deutlich unter allen anderen Switch-Konsolen-Angeboten in dieser Stichprobe (50-150€), was eher fuer ein reines Spielebundle spricht -- ohne weitere Angaben nicht sicher entscheidbar."
https://www.kleinanzeigen.de/s-anzeige/nintendo-switch-lite/3484369814-279-2482,Nintendo Switch Lite,60.0,konsolen_bundles,Nintendo Switch Lite ★ Top-Deal,Top-Deal,TRUE_POSITIVE,,Vollstaendige Switch-Lite-Konsole.
https://www.kleinanzeigen.de/s-anzeige/mariokart-world-nintendo-switch-2-neu-ovp/3484039483-227-20680,Mariokart World - Nintendo Switch 2 - NEU & OVP,50.0,konsolen_bundles,Nintendo Switch (V1/V2/OLED) ★ Top-Deal,Top-Deal,FALSE_POSITIVE,spieltitel_ohne_konsole,"""Mariokart World - Nintendo Switch 2 - NEU & OVP"" liest sich als Spieltitel (Mario Kart World) mit Plattformangabe, nicht als Konsole; Preis (50€) ist fuer ein neues Spiel plausibel, fuer eine neue Switch-2-Konsole deutlich zu niedrig."
https://www.ebay.de/itm/318727535038,SW - Original Nintendo Switch Joy-Con 2er-Set Grau,50.0,konsolen_bundles,Nintendo Switch (V1/V2/OLED) ★ Top-Deal,Top-Deal,FALSE_POSITIVE,zubehoer_statt_geraet,"""Joy-Con 2er-Set"" ist explizit ein Controller-Zubehoerset, keine Konsole."
https://www.ebay.de/itm/147503034604,"LEGO® Star Wars - Clone ARC Trooper Hammer, Rancor SW0377 - Minifigur Set 9488",21.95,lego_minifiguren,LEGO Star Wars – Clone Wars 👍 Guter Preis,Guter Preis,TRUE_POSITIVE,,"Konkretes, benanntes Sammler-Minifigur-Set."
https://www.kleinanzeigen.de/s-anzeige/lego-figuren-konvolut-sammlung-marvel-dc-ninjago-dimensions/3484078089-23-1381,"Lego Figuren Konvolut Sammlung Marvel , DC , Ninjago , Dimensions",35.0,lego_minifiguren,LEGO Ninjago – Figuren-Konvolut 👍 Guter Preis,Guter Preis,TRUE_POSITIVE,,Minifiguren-Konvolut mehrerer Themenwelten.
https://www.kleinanzeigen.de/s-anzeige/lego-star-wars-501st-clone-trooper-pilot-sw0439-/3483889324-23-2104,Lego Star Wars - 501st Clone Trooper Pilot (sw0439),25.0,lego_minifiguren,LEGO Star Wars – Clone Wars 👍 Guter Preis,Guter Preis,TRUE_POSITIVE,,"Konkrete, benannte Sammler-Minifigur."
https://www.ebay.de/itm/168610468751,LEGO Star Wars Commander Gree Minifigur Phase 2,35.0,lego_minifiguren,LEGO Star Wars – Clone Wars 👍 Guter Preis,Guter Preis,TRUE_POSITIVE,,"Konkrete, benannte Sammler-Minifigur."
https://www.kleinanzeigen.de/s-anzeige/lego-harry-potter-9-minifiguren-konvolut-sammler/3484013362-23-1882,LEGO Harry Potter – 9 Minifiguren – Konvolut – Sammler,22.0,lego_minifiguren,LEGO Minifiguren-Sammlung 👍 Guter Preis,Guter Preis,TRUE_POSITIVE,,"Minifiguren-Konvolut, klar als Sammlerstuecke beschrieben."
https://www.ebay.de/itm/327309814866,LEGO Minifigur Serie 10 – Baseballspieler (col157),10.0,lego_minifiguren,LEGO CMF / Sammelfigur ⚠️ Interessant,Interessant,TRUE_POSITIVE,,Konkrete Sammelfigur (CMF Serie 10).
https://www.kleinanzeigen.de/s-anzeige/lego-star-wars-clone-trooper-trans-satin-green-prototyp/3483995875-23-4647,Lego Star Wars Clone Trooper Trans Satin Green Prototyp,50.0,lego_minifiguren,LEGO Star Wars – Clone Wars ⚠️ Interessant,Interessant,TRUE_POSITIVE,,"Seltenes Prototyp-Sammlerstueck, eindeutig Minifigur-bezogen."
https://www.ebay.de/itm/127482933295,LEGO Figuren Sammlung,36.54,lego_minifiguren,LEGO Minifiguren-Sammlung ⚠️ Interessant,Interessant,TRUE_POSITIVE,,"Generischer, aber eindeutig minifig-bezogener Sammlungstitel."
https://www.kleinanzeigen.de/s-anzeige/lego-ninjago-original-figuren-konvolut-sehr-guter-zustand/3484421048-23-4565,LEGO NINJAGO Original Figuren Konvolut – sehr guter Zustand,45.0,lego_minifiguren,LEGO Ninjago – Figuren-Konvolut ⚠️ Interessant,Interessant,TRUE_POSITIVE,,"Minifiguren-Konvolut, Zustand explizit beschrieben."
https://www.ebay.de/itm/407139417712,LEGO Polizei Minifiguren + 3 Hunde + Accessories Lot,55.0,lego_minifiguren,LEGO Minifiguren-Sammlung ⚠️ Interessant,Interessant,TRUE_POSITIVE,,"Minifiguren-Lot mit Zubehoer, eindeutig Sammlerware."
https://www.ebay.de/itm/178282049562,Original LEGO Clone Trooper NUR KOPF -Star Wars- 8018 7675 8128 8098 8014 7959,5.5,lego_minifiguren,LEGO Star Wars – Clone Wars ★ Top-Deal,Top-Deal,FALSE_POSITIVE,nur_ersatzteil,"""NUR KOPF"" (nur der Kopf) beschreibt explizit ein Einzelteil/Ersatzteil, keine vollstaendige Minifigur."
https://www.kleinanzeigen.de/s-anzeige/lego-star-wars-minifigur-clone-barc-trooper-sw0524-/3483942738-23-1269,LEGO Star Wars Minifigur Clone BARC Trooper (sw0524),20.0,lego_minifiguren,LEGO Star Wars – Clone Wars ★ Top-Deal,Top-Deal,TRUE_POSITIVE,,"Konkrete, benannte Sammler-Minifigur."
https://www.kleinanzeigen.de/s-anzeige/lego-minifiguren-konvolut-sammlungsaufloesung-teil-11-2-/3484123109-23-23953,Lego Minifiguren Konvolut Sammlungsauflösung Teil 11(2),12.0,lego_minifiguren,LEGO Minifiguren-Sammlung ★ Top-Deal,Top-Deal,TRUE_POSITIVE,,Minifiguren-Konvolut.
https://www.kleinanzeigen.de/s-anzeige/grosses-lego-figuren-konvolut/3483239977-23-7768,großes Lego Figuren Konvolut,1.0,lego_minifiguren,LEGO Minifiguren-Sammlung ★ Top-Deal,Top-Deal,TRUE_POSITIVE,,"Generisches, aber plausibles Minifiguren-Konvolut."
https://www.kleinanzeigen.de/s-anzeige/lego-duplo-konvolut-mit-figuren-und-sonderteilen/3483867933-23-10618,LEGO DUPLO Konvolut mit Figuren und Sonderteilen,10.0,lego_minifiguren,LEGO Minifiguren-Sammlung ★ Top-Deal,Top-Deal,FALSE_POSITIVE,falsches_produktsegment,"LEGO DUPLO ist die Kleinkind-Baustein-Linie mit eigenen, groesseren DUPLO-Figuren -- kein Teil des klassischen System-Minifiguren-Sammlermarkts, den diese Kategorie/Preishistorie abbildet."
https://www.kleinanzeigen.de/s-anzeige/msi-gaming-m-2-ssd-1-tb-mit-intel-ssd-inside-sticker/3483595889-225-418,MSI Gaming M.2 SSD 1 TB mit Intel SSD Inside Sticker,30.0,m2_ssd,1TB M.2 NVMe SSD ★ Top-Deal,Top-Deal,TRUE_POSITIVE,,Eigenstaendiges M.2-NVMe-SSD-Modul.
https://www.ebay.de/itm/206487880595,"MacBook Pro M1 13"" (256GB, 8GB) 🔋78%",399.0,macbook,MacBook Pro M1 (≤512GB) 👍 Guter Preis,Guter Preis,TRUE_POSITIVE,,"MacBook-Modell, Chip und Speichergroesse im Titel eindeutig, korrekt der Speicher-Preisstufe zugeordnet."
https://www.kleinanzeigen.de/s-anzeige/apple-macbook-air-13-intel-core-i7-256-gb/3483214632-278-1260,"Apple MacBook Air 13“,Intel Core I7,256 GB",185.0,macbook,MacBook Air Intel (≤512GB) 👍 Guter Preis,Guter Preis,TRUE_POSITIVE,,"MacBook-Modell, Chip und Speichergroesse im Titel eindeutig, korrekt der Speicher-Preisstufe zugeordnet."
https://www.kleinanzeigen.de/s-anzeige/apple-macbook-pro-15-zoll-2019-i7-16-gb-ram-256-gb-ssd/3484103622-278-7963,Apple MacBook Pro 15 Zoll 2019 | i7 | 16 GB RAM / 256 GB SSD,280.0,macbook,MacBook Pro Intel (≤512GB) 👍 Guter Preis,Guter Preis,TRUE_POSITIVE,,"MacBook-Modell, Chip und Speichergroesse im Titel eindeutig, korrekt der Speicher-Preisstufe zugeordnet."
https://www.kleinanzeigen.de/s-anzeige/apple-macbook-pro-13-2018-i7-16gb-ram-1tb-ssd-top-zust/3483961039-278-2590,"Apple MacBook Pro 13"" (2018) | i7 | 16GB RAM | 1TB SSD | Top Zust",350.0,macbook,MacBook Pro Intel (≥1TB) 👍 Guter Preis,Guter Preis,TRUE_POSITIVE,,"MacBook-Modell, Chip und Speichergroesse im Titel eindeutig, korrekt der Speicher-Preisstufe zugeordnet."
https://www.kleinanzeigen.de/s-anzeige/apple-macbook-air-m1-256gb-8-gb-gold/3484316789-278-1288,Apple MacBook Air M1 256GB 8 GB Gold,350.0,macbook,MacBook Air M1 (≤512GB) 👍 Guter Preis,Guter Preis,TRUE_POSITIVE,,"MacBook-Modell, Chip und Speichergroesse im Titel eindeutig, korrekt der Speicher-Preisstufe zugeordnet."
https://www.kleinanzeigen.de/s-anzeige/macbook-air-m1-256gb/3483499741-278-6441,Macbook Air M1 256gb,450.0,macbook,MacBook Air M1 (≤512GB) ⚠️ Okay,Okay,TRUE_POSITIVE,,"MacBook-Modell, Chip und Speichergroesse im Titel eindeutig, korrekt der Speicher-Preisstufe zugeordnet."
https://www.kleinanzeigen.de/s-anzeige/macbook-air-m1-2020-16gb-256gb-space-grau-sehr-guter-zustand/3484017171-278-6233,MacBook Air M1 2020 16GB/256GB Space Grau - sehr guter Zustand,420.0,macbook,MacBook Air M1 (≤512GB) ⚠️ Okay,Okay,TRUE_POSITIVE,,"MacBook-Modell, Chip und Speichergroesse im Titel eindeutig, korrekt der Speicher-Preisstufe zugeordnet."
https://www.kleinanzeigen.de/s-anzeige/macbook-pro-13-m1-16gb-ram-256gb-ssd-excellent-condition-/3483984812-278-9677,"MacBook Pro 13"" M1 (16GB RAM / 256GB SSD) – Excellent Condition!",550.0,macbook,MacBook Pro M1 (≤512GB) ⚠️ Okay,Okay,TRUE_POSITIVE,,"MacBook-Modell, Chip und Speichergroesse im Titel eindeutig, korrekt der Speicher-Preisstufe zugeordnet."
https://www.kleinanzeigen.de/s-anzeige/macbook-pro-m2-13-16-gb-ram-86-akku-256gb-ssd/3483382192-278-2095,"MacBook Pro M2 13"" | 16 GB RAM | 86 % Akku |256GB SSD",620.0,macbook,MacBook Pro M2 (≤512GB) ⚠️ Okay,Okay,TRUE_POSITIVE,,"MacBook-Modell, Chip und Speichergroesse im Titel eindeutig, korrekt der Speicher-Preisstufe zugeordnet."
https://www.kleinanzeigen.de/s-anzeige/apple-macbook-pro-16-m1-pro-10c-cpu-16c-gpu-512-gb-ssd-16-gb-r/3484174530-278-8161,Apple MacBook Pro 16“ M1 PRO 10C CPU 16C GPU 512 GB SSD 16 GB R,579.0,macbook,MacBook Pro M1 (≤512GB) ⚠️ Okay,Okay,TRUE_POSITIVE,,"MacBook-Modell, Chip und Speichergroesse im Titel eindeutig, korrekt der Speicher-Preisstufe zugeordnet."
https://www.ebay.de/itm/188708440633,"Apple MacBook Pro 13 Zoll (256GB SSD, Intel Core i5 7. Gen, 2,3GHz, 8GB) ",200.0,macbook,MacBook Pro Intel (≤512GB) ★ Top-Deal,Top-Deal,TRUE_POSITIVE,,"MacBook-Modell, Chip und Speichergroesse im Titel eindeutig, korrekt der Speicher-Preisstufe zugeordnet."
https://www.ebay.de/itm/398211903267,"Apple MacBook Air 13.3 Zoll (128GB SSD, Intel Core i5 5. Gen., 1,40GHz, 4GB RAM)",65.0,macbook,MacBook Air Intel (≤512GB) ★ Top-Deal,Top-Deal,TRUE_POSITIVE,,"MacBook-Modell, Chip und Speichergroesse im Titel eindeutig, korrekt der Speicher-Preisstufe zugeordnet."
https://www.ebay.de/itm/117356939005,"Apple MacBook Pro 12"" Intel i5 16 GB RAM, 128 GB von 2015",150.0,macbook,MacBook Pro Intel (≤512GB) ★ Top-Deal,Top-Deal,TRUE_POSITIVE,,"MacBook-Modell, Chip und Speichergroesse im Titel eindeutig, korrekt der Speicher-Preisstufe zugeordnet."
https://www.ebay.de/itm/318724812588,"MacBook Pro 13,3 Zoll (256GB SSD, Intel  i5 2,3 GHz) Clamshell",50.0,macbook,MacBook Pro Intel (≤512GB) ★ Top-Deal,Top-Deal,TRUE_POSITIVE,,"MacBook-Modell, Chip und Speichergroesse im Titel eindeutig, korrekt der Speicher-Preisstufe zugeordnet."
https://www.ebay.de/itm/278273472813,"Apple MacBook Air 13,3"", Intel® Core™ i5, 1,8 GHz, 128 GB SSD, 1440 x 900 Pixel",129.99,macbook,MacBook Air Intel (≤512GB) ★ Top-Deal,Top-Deal,TRUE_POSITIVE,,"MacBook-Modell, Chip und Speichergroesse im Titel eindeutig, korrekt der Speicher-Preisstufe zugeordnet."
https://www.ebay.de/itm/407141372716,Gawfolk 27 Zoll Curved Gaming Monitor FHD 1920x1080 180Hz 1ms HDMI/DP VESA,120.0,monitor_curved,Curved Monitor,Guter Preis,TRUE_POSITIVE,,"Eigenstaendiger Curved-Monitor, Marke/Groesse im Titel plausibel."
https://www.kleinanzeigen.de/s-anzeige/msi-27-zoll-curved-gaming-monitor-full-hd/3483596384-225-4956,MSI 27 Zoll Curved Gaming Monitor Full HD,110.0,monitor_curved,Curved Monitor,Guter Preis,TRUE_POSITIVE,,"Eigenstaendiger Curved-Monitor, Marke/Groesse im Titel plausibel."
https://www.kleinanzeigen.de/s-anzeige/msi-optix-g24c6-curved-gaming-monitor-24-zoll-165hz/3483596548-225-7092,MSI Optix G24C6 Curved Gaming Monitor 24 Zoll 165Hz,110.0,monitor_curved,Curved Monitor,Guter Preis,TRUE_POSITIVE,,"Eigenstaendiger Curved-Monitor, Marke/Groesse im Titel plausibel."
https://www.kleinanzeigen.de/s-anzeige/medion-27-zoll-curved-pc-monitor-md-21473/3483132541-225-1857,MEDION 27 Zoll curved PC Monitor MD 21473,90.0,monitor_curved,Curved Monitor,Guter Preis,TRUE_POSITIVE,,"Eigenstaendiger Curved-Monitor, Marke/Groesse im Titel plausibel."
https://www.kleinanzeigen.de/s-anzeige/aoc-curved-monitor-31-5-qhd-144hz-ips-led-dp-hdmi-schwarz-rot/3483845668-225-1922,"AOC Curved Monitor 31,5"" QHD 144Hz IPS LED DP/HDMI schwarz/rot",100.0,monitor_curved,Curved Monitor,Guter Preis,TRUE_POSITIVE,,"Eigenstaendiger Curved-Monitor, Marke/Groesse im Titel plausibel."
https://www.kleinanzeigen.de/s-anzeige/samsung-c27f390fhu-led-curved-27-zoll-full-hd-monitor/3484051088-225-8862,SAMSUNG C27F390FHU LED Curved 27 Zoll Full-HD Monitor,105.0,monitor_curved,Curved Monitor,Guter Preis,TRUE_POSITIVE,,"Eigenstaendiger Curved-Monitor, Marke/Groesse im Titel plausibel."
https://www.kleinanzeigen.de/s-anzeige/gaming-monitor-24-zoll-144hz-curved-1-stueck-/3483904428-225-27970,"Gaming Monitor – 24 Zoll, 144Hz, Curved (1 Stück)",100.0,monitor_curved,Curved Monitor,Guter Preis,TRUE_POSITIVE,,"Eigenstaendiger Curved-Monitor, Marke/Groesse im Titel plausibel."
https://www.kleinanzeigen.de/s-anzeige/24-144hz-aoc-curved-monitor/3484229012-225-1176,"24"" 144hz  AOC curved Monitor",80.0,monitor_curved,Curved Monitor ★ Top-Deal,Top-Deal,TRUE_POSITIVE,,"Eigenstaendiger Curved-Monitor, Marke/Groesse im Titel plausibel."
https://www.kleinanzeigen.de/s-anzeige/msi-optix-g24c-24-curved-gaming-monitor-144-hz-1-ms-full-hd/3483382084-225-5790,"MSI Optix G24C – 24” Curved Gaming Monitor 144 Hz, 1 ms, Full HD",60.0,monitor_curved,Curved Monitor ★ Top-Deal,Top-Deal,TRUE_POSITIVE,,"Eigenstaendiger Curved-Monitor, Marke/Groesse im Titel plausibel."
https://www.kleinanzeigen.de/s-anzeige/aoc-c24g1-24-gaming-monitor-curved-144hz/3483729080-225-2745,"AOC c24g1 24"" Gaming Monitor Curved 144Hz",40.0,monitor_curved,Curved Monitor ★ Top-Deal,Top-Deal,TRUE_POSITIVE,,"Eigenstaendiger Curved-Monitor, Marke/Groesse im Titel plausibel."
https://www.kleinanzeigen.de/s-anzeige/msi-g27cq4-27-1440p-165hz-curved-monitor/3484163869-225-7793,MSI G27CQ4 27“ 1440p 165hz Curved Monitor,75.0,monitor_curved,Curved Monitor ★ Top-Deal,Top-Deal,TRUE_POSITIVE,,"Eigenstaendiger Curved-Monitor, Marke/Groesse im Titel plausibel."
https://www.kleinanzeigen.de/s-anzeige/msi-gaming-monitor-curved/3484089203-225-16982,MSI Gaming Monitor Curved,80.0,monitor_curved,Curved Monitor ★ Top-Deal,Top-Deal,TRUE_POSITIVE,,"Eigenstaendiger Curved-Monitor, Marke/Groesse im Titel plausibel."
https://www.kleinanzeigen.de/s-anzeige/samsung-s27d364gau-27-zoll-curved-gaming-monitor-full-hd/3483480013-225-2140,Samsung S27D364GAU 27 Zoll Curved Gaming Monitor Full HD,80.0,monitor_curved,Curved Monitor ★ Top-Deal,Top-Deal,TRUE_POSITIVE,,"Eigenstaendiger Curved-Monitor, Marke/Groesse im Titel plausibel."
https://www.ebay.de/itm/188790992967,Terra 31 5 Curved Monitor (Modell 3280W) Top Zustand,60.0,monitor_curved,Curved Monitor ★ Top-Deal,Top-Deal,TRUE_POSITIVE,,"Eigenstaendiger Curved-Monitor, Marke/Groesse im Titel plausibel."
https://www.kleinanzeigen.de/s-anzeige/msi-curved-monitor-27-zoll/3483647736-225-6886,Msi curved Monitor 27 Zoll,120.0,monitor_curved,Curved Monitor,Guter Preis,TRUE_POSITIVE,,"Eigenstaendiger Curved-Monitor, Marke/Groesse im Titel plausibel."
https://www.kleinanzeigen.de/s-anzeige/be-quiet-netzteil-s9-600w/3483204110-225-4448,Be Quiet Netzteil S9-600W,25.0,netzteil,~550-649W Netzteil,Guter Preis,TRUE_POSITIVE,,"Standard-ATX-Netzteil, Wattage passt zur Preisstufe."
https://www.ebay.de/itm/198347748909,Corsair CX750M Computer ATX Netzteil 750W,49.99,netzteil,750W+ Netzteil,Guter Preis,TRUE_POSITIVE,,Standard-ATX-Netzteil.
https://www.ebay.de/itm/306950664888,Cooler Master RP-550-PCAP ATX12V Netzteil 550 W Passive PFC 20+4/4+4 SATA,15.89,netzteil,~550-649W Netzteil,Guter Preis,TRUE_POSITIVE,,Standard-ATX-Netzteil.
https://www.kleinanzeigen.de/s-anzeige/mpc-power-650w-pc-netzteil/3484397060-225-2968,MPC-Power 650W PC Netzteil,30.0,netzteil,~650-749W Netzteil,Guter Preis,TRUE_POSITIVE,,Standard-PC-Netzteil.
https://www.kleinanzeigen.de/s-anzeige/thermaltake-toughpower-gf1-750w-pc-netzteil/3471831283-225-3351,Thermaltake Toughpower GF1 750W PC Netzteil,40.0,netzteil,750W+ Netzteil,Guter Preis,TRUE_POSITIVE,,Standard-ATX-Netzteil.
https://www.ebay.de/itm/389634613350,Redundantes 2U Netzteil DPS-750PB 750W AC-078A,35.0,netzteil,750W+ Netzteil,Guter Preis,UNCLEAR,moeglich_falscher_formfaktor,"""Redundantes 2U Netzteil"" ist typische Bauform fuer Server-/Rack-Gehaeuse (Hot-Swap-Modul), nicht Standard-ATX fuer Desktop-PCs -- Wattage passt zur Preisstufe, Formfaktor/Einsatzzweck aber vermutlich abweichend von einem regulaeren PC-Netzteil."
https://www.ebay.de/itm/287524646454,enermax cyberbron iii 750w,45.0,netzteil,750W+ Netzteil,Guter Preis,TRUE_POSITIVE,,"Standard-PC-Netzteil (Markenname ungewoehnlich geschrieben, aber plausibles ATX-Netzteil)."
https://www.ebay.de/itm/398278878476,Cooler Master MWE 750 V2 750W 80 Plus Bronze EU 230V PC-Netzteil,31.51,netzteil,750W+ Netzteil ★ Top-Deal,Top-Deal,TRUE_POSITIVE,,"Standard-ATX-Netzteil, 80 Plus Bronze."
https://www.ebay.de/itm/298584725898,GIGABYTE P850GM 850 W ATX PC-Netzteil vollmodular 80 PLUS Gold,33.81,netzteil,750W+ Netzteil ★ Top-Deal,Top-Deal,TRUE_POSITIVE,,"Standard-ATX-Netzteil, vollmodular."
https://www.kleinanzeigen.de/s-anzeige/dell-z930p-00-netzteil-930w-7001049-y000/3483884332-225-8783,dell Z930P-00 Netzteil 930W 7001049-y000,20.0,netzteil,750W+ Netzteil ★ Top-Deal,Top-Deal,UNCLEAR,moeglich_falscher_formfaktor,"Dell-Modellnummer (Z930P-00) im typischen Format fuer proprietaere Dell-Server-/Workstation-Netzteile -- ggf. nicht direkt kompatibel zu Standard-ATX-PCs, ohne weitere Angaben nicht sicher zu beurteilen."
https://www.ebay.de/itm/398280610691,Thermaltake ToughPower 750W (W0116) ATX Netzteil 750 Watt,22.0,netzteil,750W+ Netzteil ★ Top-Deal,Top-Deal,TRUE_POSITIVE,,"Standard-ATX-Netzteil, explizit als ""ATX Netzteil"" beschrieben."
https://www.kleinanzeigen.de/s-anzeige/kabelset-fuer-be-quiet-dark-power-pro-10-850w-netzteil/3483177744-225-2619,Kabelset für be quiet! Dark Power Pro 10 850W Netzteil,20.0,netzteil,750W+ Netzteil ★ Top-Deal,Top-Deal,FALSE_POSITIVE,zubehoer_statt_geraet,"""Kabelset fuer be quiet! Dark Power Pro 10"" ist explizit ein Zubehoer-Kabelset, kein Netzteil."
https://www.ebay.de/itm/117333544192,LC-Power LC6550GP2 V2.2 ATX12V Netzteil 550W PFC SATA Schwarz,13.85,netzteil,~550-649W Netzteil ★ Top-Deal,Top-Deal,TRUE_POSITIVE,,Standard-ATX12V-Netzteil.
https://www.kleinanzeigen.de/s-anzeige/cooler-master-700w-netzteil-mpe-7001-acabw-80-plus/3483379879-225-1136,Cooler Master 700W Netzteil MPE-7001-ACABW 80 Plus,20.0,netzteil,~650-749W Netzteil ★ Top-Deal,Top-Deal,TRUE_POSITIVE,,"Standard-PC-Netzteil, 80 Plus."
https://www.kleinanzeigen.de/s-anzeige/techsolo-730w-atx-netzteil-tp-730-rev-b/3484161304-225-993,Techsolo 730W ATX Netzteil TP-730 Rev.B,10.0,netzteil,~650-749W Netzteil ★ Top-Deal,Top-Deal,TRUE_POSITIVE,,Standard-ATX-Netzteil.
https://www.ebay.de/itm/176793491145,"Lenovo ThinkPad X390 | 13,3"" | i5-8265U | 8 GB RAM | 256 GB SSD",188.0,notebook_resell,ThinkPad T14/X13 (Ryzen/Modern),Guter Preis,TRUE_POSITIVE,,Vollstaendiges ThinkPad-Notebook mit passenden Spezifikationen.
https://www.ebay.de/itm/366602519541,"Lenovo ThinkPad T14 Gen 2 i5-1145G7 16GB 256GB 14"" FHD Win11 StoreDeal #35",219.0,notebook_resell,ThinkPad T14/X13 (Ryzen/Modern),Guter Preis,TRUE_POSITIVE,,Vollstaendiges ThinkPad-Notebook.
https://www.ebay.de/itm/389573294889,"Lenovo ThinkPad T14 Gen 1 14"" FHD i5-10310U 16GB 512GB SSD Win 10 Pro Laptop GUT",225.0,notebook_resell,ThinkPad T14/X13 (Ryzen/Modern),Guter Preis,TRUE_POSITIVE,,Vollstaendiges ThinkPad-Notebook.
https://www.kleinanzeigen.de/s-anzeige/dell-g15-gaming-laptop-intel-core-i7-10400-rtx-3060-15-6/3483270117-278-7527,"Dell G15 Gaming Laptop | Intel Core i7-10400 | RTX 3060 | 15,6",450.0,notebook_resell,Gaming Laptop (RTX 3060),Guter Preis,TRUE_POSITIVE,,Vollstaendiges Gaming-Notebook mit dedizierter GPU (RTX 3060).
https://www.kleinanzeigen.de/s-anzeige/lenovo-thinkpad-t14-gen-1-type-20s1-16gb-ram-512-gb/3483549604-278-1425,Lenovo Thinkpad T14 Gen 1 Type 20S1 16GB RAM / 512 GB,190.0,notebook_resell,ThinkPad T14/X13 (Ryzen/Modern),Guter Preis,TRUE_POSITIVE,,Vollstaendiges ThinkPad-Notebook.
https://www.kleinanzeigen.de/s-anzeige/lenovo-thinkpad-laptop-x390-yoga-touch-i5-8gb-256gb-nvme-win11/3483931552-278-4890,Lenovo Thinkpad Laptop x390 Yoga Touch i5/8GB/256GB NVMe/Win11,239.0,notebook_resell,ThinkPad T14/X13 (Ryzen/Modern),Guter Preis,TRUE_POSITIVE,,Vollstaendiges ThinkPad-Notebook (Yoga-Variante).
https://www.ebay.de/itm/355660187413,"Lenovo ThinkPad T490 - I5-8365U (1,6 GHz) - 8 GB RAM - 256 GB SSD - Windows 11",239.0,notebook_resell,ThinkPad T14/X13 (Ryzen/Modern),Guter Preis,TRUE_POSITIVE,,Vollstaendiges ThinkPad-Notebook.
https://www.ebay.de/itm/327094943982,"Lenovo ThinkPad X390 Yoga 13,3 Zoll i5-8265U 8GB RAM 128GB SSD FHD WWAN W11 Pro",169.0,notebook_resell,ThinkPad T14/X13 (Ryzen/Modern) ★ Resell-Top,Top-Deal,TRUE_POSITIVE,,Vollstaendiges ThinkPad-Notebook (Yoga-Variante).
https://www.ebay.de/itm/366603332826,Lenovo ThinkPad X13 Gen1 i5-10310U 16GB 512GB 4G LTE Webcam USB-C HDMI WIN11,159.9,notebook_resell,ThinkPad T14/X13 (Ryzen/Modern) ★ Resell-Top,Top-Deal,TRUE_POSITIVE,,Vollstaendiges ThinkPad-Notebook.
https://www.kleinanzeigen.de/s-anzeige/gaming-laptop-rtx-4060-ryzen-7-8845hs-144hz-/3483121458-278-9415,Gaming Laptop | RTX 4060 | Ryzen 7 8845HS | 144Hz |,450.0,notebook_resell,Gaming Laptop (RTX 4060) ★ Resell-Top,Top-Deal,TRUE_POSITIVE,,Vollstaendiges Gaming-Notebook mit dedizierter GPU (RTX 4060).
https://www.ebay.de/itm/800505229794,"Lenovo ThinkPad T490 i5-8365U 16GB RAM 14"" ohne SSD ohne Netzteil#V103",149.0,notebook_resell,ThinkPad T14/X13 (Ryzen/Modern) ★ Resell-Top,Top-Deal,UNCLEAR,unvollstaendiger_lieferumfang,"""ohne SSD ohne Netzteil"" -- Notebook fehlt Massenspeicher UND Ladegeraet, damit nicht direkt einsatzbereit; Vergleichbarkeit mit der Preishistorie fuer vollstaendige Geraete fraglich, auch wenn das Match inhaltlich (Modell/CPU/RAM) korrekt ist."
https://www.ebay.de/itm/257678090060,Lenovo ThinkPad X13 Gen1 i5-10310U 16GB 512GB 4G LTE Webcam USB-C HDMI WIN11,169.9,notebook_resell,ThinkPad T14/X13 (Ryzen/Modern) ★ Resell-Top,Top-Deal,TRUE_POSITIVE,,Vollstaendiges ThinkPad-Notebook.
https://www.kleinanzeigen.de/s-anzeige/lenovo-thinkpad-t14-gen-1-type-20s1-16gb-ram-512-gb/3484148665-278-1425,Lenovo Thinkpad T14 Gen 1 Type 20S1 16GB RAM / 512 GB,170.0,notebook_resell,ThinkPad T14/X13 (Ryzen/Modern) ★ Resell-Top,Top-Deal,TRUE_POSITIVE,,Vollstaendiges ThinkPad-Notebook.
https://www.kleinanzeigen.de/s-anzeige/lenovo-thinkpad-t14-gen-1-type-20s0-16gb-ram-512-gb/3483712919-278-1425,Lenovo Thinkpad T14 Gen 1 Type 20S0 16GB RAM / 512 GB,150.0,notebook_resell,ThinkPad T14/X13 (Ryzen/Modern) ★ Resell-Top,Top-Deal,TRUE_POSITIVE,,Vollstaendiges ThinkPad-Notebook.
https://www.ebay.de/itm/800505283449,Lenovo ThinkPad T14 Gen 1 i5-10310U 16GB Touch ohne SSD Netzteil #V105,149.0,notebook_resell,ThinkPad T14/X13 (Ryzen/Modern) ★ Resell-Top,Top-Deal,UNCLEAR,unvollstaendiger_lieferumfang,"""ohne SSD Netzteil"" -- gleiche Einschraenkung wie oben: fehlender Massenspeicher/Ladegeraet, Vergleichbarkeit mit vollstaendigen Geraeten fraglich."
https://www.ebay.de/itm/800505589879,DELL PC | Win 11 | Intel i5 8500 | 8GB DDR4 | 256GB SSD | 1TB HDD NVIDIA GT 1030,179.0,office_pc,Office-PC (Mindestanforderung erfüllt),Okay,TRUE_POSITIVE,,"Desktop-PC mit schwacher/keiner dedizierten Gaming-GPU (GT-Klasse), passt zur Office-PC-Definition."
https://www.kleinanzeigen.de/s-anzeige/asus-tuf-gaming-a620m-plus-am5-amd-ryzen-7-8700g-32gb-ram/3483222363-228-16909,ASUS TUF GAMING A620M-PLUS AM5 + AMD Ryzen 7 8700G + 32GB RAM,250.0,office_pc,Office-PC (Mindestanforderung erfüllt),Okay,TRUE_POSITIVE,,"Desktop-Komponentenbundle mit APU (keine dedizierte GPU) -- ""TUF GAMING"" ist nur der Mainboard-Markenname, kein Hinweis auf Gaming-Nutzung."
https://www.kleinanzeigen.de/s-anzeige/dell-precision-3450-i7-11700-16gb-ddr4-office-pc/3483436604-228-229,Dell Precision 3450 I7 11700 16GB DDR4 Office PC,300.0,office_pc,Office-PC (Mindestanforderung erfüllt),Okay,TRUE_POSITIVE,,"Explizit als ""Office PC"" beworbener Desktop."
https://www.ebay.de/itm/398282615668,Lenovo PC IdeaCentre 510-15ICB - i5-8400 - 8GB RAM - 250GB SSD - Windows 11,179.0,office_pc,Office-PC (Mindestanforderung erfüllt),Okay,TRUE_POSITIVE,,"Desktop-PC (IdeaCentre-Serie), keine dedizierte GPU genannt."
https://www.ebay.de/itm/307112156737,"Dynabook Satellite Pro Intel Core 15,6"" i5-8250U 1.6Ghz 8GB RAM",115.0,office_pc,Office-PC (Mindestanforderung erfüllt),Okay,FALSE_POSITIVE,notebook_als_desktop,"""Dynabook Satellite Pro"" ist eine Notebook-Baureihe (Satellite Pro = Toshiba/Dynabook-Laptop-Linie), 15,6""-Bildschirmangabe bestaetigt Notebook-Formfaktor -- genau das strukturelle Cross-Category-Muster, das der Notebook-Exclude in office_pc eigentlich abdecken soll (bislang nur fuer bestimmte Markennamen wie ThinkPad/MacBook/IdeaPad/Alienware/Lifebook, nicht fuer ""Dynabook""/""Satellite"")."
https://www.kleinanzeigen.de/s-anzeige/pc-dell-7060-mt-i5-8500-8gb-ddr4-256gb-ssd-m-2-win11-pro/2457028190-228-5,PC Dell 7060 MT | I5-8500 | 8GB DDR4 | 256GB SSD M.2 | WIN11 pro,289.0,office_pc,Office-PC (Mindestanforderung erfüllt),Okay,TRUE_POSITIVE,,"Desktop-PC (Dell OptiPlex Mini-Tower-Formfaktor ""MT"")."
https://www.kleinanzeigen.de/s-anzeige/dell-3070-core-i5-9500-8gb-ddr4-256-gb-nvme-win11-pro/3484264994-228-23791,Dell 3070 - Core i5 9500 - 8GB DDR4 - 256 GB NVMe - WIN11 pro,119.0,office_pc,Office-PC (Mindestanforderung erfüllt),Okay,TRUE_POSITIVE,,Desktop-PC (Dell OptiPlex).
https://www.ebay.de/itm/158096013315,Fujitsu Esprimo Q958  i5-9500T 16GB RAM 256GB M.2 SSD DVD-RW WLAN BT W11 Pro,199.9,office_pc,Office-PC (Mindestanforderung erfüllt),Okay,TRUE_POSITIVE,,Desktop-PC (Fujitsu Esprimo Small-Form-Factor).
https://www.kleinanzeigen.de/s-anzeige/pc-intel-i5-9600k-32gb-ram-ddr4-512gb-ssd-gt-710-windows-11/3459087965-228-1176,PC INTEL I5 9600K 32GB RAM DDR4 512GB SSD GT 710 WINDOWS 11,299.0,office_pc,Office-PC (Mindestanforderung erfüllt),Okay,TRUE_POSITIVE,,Desktop-PC mit schwacher GPU (GT 710).
https://www.kleinanzeigen.de/s-anzeige/pc-amd-ryzen-5-3400g-ga-a520m-kv2-16gb-ddr4-3200mhz-256gb-ssd-m-2/3483734284-228-6640,PC AMD Ryzen 5 3400G GA A520M KV2 16GB DDR4 3200MHz 256GB SSD M.2,222.0,office_pc,Office-PC (Mindestanforderung erfüllt),Okay,TRUE_POSITIVE,,Desktop-PC mit APU (keine dedizierte GPU).
https://www.kleinanzeigen.de/s-anzeige/terra-pc-intel-core-i5-10400-16gb-ram-nvidia-geforce-gt-730/3484245765-228-26935,"Terra PC | Intel Core i5-10400, 16GB Ram, NVIDIA GeForce GT 730",180.0,office_pc,Office-PC (Mindestanforderung erfüllt),Okay,TRUE_POSITIVE,,Desktop-PC (Terra-Marke) mit schwacher GPU (GT 730).
https://www.kleinanzeigen.de/s-anzeige/ryzen-7-3700x-32gb-ddr4-3200mhz-ram-b350m-pro-vdh-bundle/3483819608-228-21326,"Ryzen 7 3700x, 32gb DDR4 3200Mhz Ram, B350M- Pro VDH Bundle",250.0,office_pc,Office-PC (Mindestanforderung erfüllt),Okay,TRUE_POSITIVE,,Desktop-CPU+Mainboard-Bundle.
https://www.kleinanzeigen.de/s-anzeige/dell-optiplex-5070-micro-i5-9500t-8-gb-ram-256-gb-nvme-ssd/3484254156-228-8785,Dell OptiPlex 5070 Micro - i5-9500T / 8 GB RAM / 256 GB NVMe SSD,189.0,office_pc,Office-PC (Mindestanforderung erfüllt),Okay,TRUE_POSITIVE,,Desktop-PC (Dell OptiPlex Micro-Formfaktor).
https://www.kleinanzeigen.de/s-anzeige/dell-optiplex-3070-i5-9500-16gb-ram-512gb-ssd-1tb-hdd-p/3483258233-228-7250,Dell OptiPlex 3070 | i5-9500 | 16GB RAM | 512GB SSD + 1TB HDD | P,175.0,office_pc,Office-PC (Mindestanforderung erfüllt),Okay,TRUE_POSITIVE,,Desktop-PC (Dell OptiPlex).
https://www.ebay.de/itm/820000277445,"Dell Latitude 7300 - i7-8665U - 16GB RAM - 500GB SSD - 13,3"" FHD - Windows 11",179.99,office_pc,Office-PC (Mindestanforderung erfüllt),Okay,FALSE_POSITIVE,notebook_als_desktop,"""Dell Latitude"" ist Dells Business-Notebook-Linie, ""13,3\"" FHD"" und die mobile ""U""-Prozessorreihe (i7-8665U) bestaetigen Notebook-Formfaktor -- gleiches strukturelles Muster wie oben (Markenname nicht in der Notebook-Exclude-Liste erfasst)."
https://www.kleinanzeigen.de/s-anzeige/2x8gb-g-skill-aegis-ddr4-3200-dimm-cl16-dual-kit/3483181492-225-3462,2x8GB G.Skill Aegis DDR4-3200 DIMM CL16 Dual Kit,55.0,ram,16GB DDR4 RAM,Guter Preis,TRUE_POSITIVE,,"Lose RAM-Module, Kapazitaet stimmt mit Regel ueberein."
https://www.kleinanzeigen.de/s-anzeige/corsair-vengeance-lpx-16gb-ddr4-2400-neupreis-jetzt-ca-140-/3484077154-225-3381,Corsair Vengeance LPX 16GB DDR4-2400 // Neupreis jetzt ca.140€ /,45.0,ram,16GB DDR4 RAM,Guter Preis,TRUE_POSITIVE,,Lose RAM-Module.
https://www.kleinanzeigen.de/s-anzeige/sk-hynix-8gb-ddr4-ram-2400t-mhz/3483729185-225-3058,SK Hynix 8GB DDR4 RAM 2400T MHz,17.0,ram,8GB DDR4 RAM,Guter Preis,TRUE_POSITIVE,,Lose RAM-Module.
https://www.ebay.de/itm/178404369839,2x 16GB 2Rx8 PC4 - 2666v - SE1 - 11 Samsung DDR4 SDRAM,99.99,ram,32GB DDR4 RAM,Guter Preis,TRUE_POSITIVE,,Lose RAM-Module (2x16GB).
https://www.kleinanzeigen.de/s-anzeige/g-skill-ripjaws-v-32gb-ram-ddr4-arbeitsspeicher-4x8gb/3484192689-225-3567,G.Skill Ripjaws V 32GB RAM DDR4 Arbeitsspeicher 4x8GB,99.0,ram,32GB DDR4 RAM,Guter Preis,TRUE_POSITIVE,,Lose RAM-Module (4x8GB).
https://www.ebay.de/itm/307126229999,4x 8GB (32GB) SK Hynix DDR4 2133MHz HMA41GU6AFR8N,80.0,ram,32GB DDR4 RAM,Guter Preis,TRUE_POSITIVE,,Lose RAM-Module (4x8GB).
https://www.kleinanzeigen.de/s-anzeige/16gb-2x8-sk-ddr-4-pc-speicher-ram-ddr4-arbeitsspeicher/3484117703-225-2588,16GB (2x8) SK DDR 4 PC Speicher RAM DDR4 Arbeitsspeicher,36.0,ram,16GB DDR4 RAM,Guter Preis,TRUE_POSITIVE,,Lose RAM-Module (2x8GB).
https://www.ebay.de/itm/800500526736,GEPRÜFT |  16GB DDR4 RAM | DUAL KIT 8x2 | 100% MemTest86 PERFEKT | Refurbished!,30.0,ram,16GB DDR4 RAM ★ Top-Deal,Top-Deal,TRUE_POSITIVE,,"Lose RAM-Module, Dual Kit."
https://www.kleinanzeigen.de/s-anzeige/crucial-ddr4-2133mhz-2x8gb-16gb-arbeitsspeicher/3483519109-225-2670,Crucial DDR4 2133mhz 2x8GB 16GB Arbeitsspeicher,30.0,ram,16GB DDR4 RAM ★ Top-Deal,Top-Deal,TRUE_POSITIVE,,Lose RAM-Module (2x8GB).
https://www.ebay.de/itm/117356939537,16 GB (2x 8 GB) DDR4-2666 PC4,34.0,ram,16GB DDR4 RAM ★ Top-Deal,Top-Deal,TRUE_POSITIVE,,Lose RAM-Module (2x8GB).
https://www.ebay.de/itm/366601646739,32GB Kingston ValueRAM 4x 8GB DDR4-2400 PC-19200 Arbeitsspeicher (KVR24N17S8/8),70.0,ram,32GB DDR4 RAM ★ Top-Deal,Top-Deal,TRUE_POSITIVE,,Lose RAM-Module (4x8GB).
https://www.kleinanzeigen.de/s-anzeige/dell-wyse-5070-thinclient-homeserver-j5005-8gb-ddr4-32gb-win-10/3483473577-228-1918,Dell Wyse 5070 ThinClient HomeServer J5005 8GB DDR4 32GB Win 10,67.0,ram,32GB DDR4 RAM ★ Top-Deal,Top-Deal,FALSE_POSITIVE,ganzes_geraet_statt_teil,"""Dell Wyse 5070 ThinClient HomeServer"" ist ein vollstaendiger Mini-PC/Thin-Client, keine lose verkauften RAM-Module -- Speichergroessen-Erwaehnung im Titel ist beilaeufig, nicht das eigentliche Verkaufsobjekt."
https://www.ebay.de/itm/168611071286,Crucial Micron 32GB DDR4 1x16GB 2933MHz MTA18ASF2G72PDZ-2G9E1TI (1920),44.9,ram,32GB DDR4 RAM ★ Top-Deal,Top-Deal,TRUE_POSITIVE,,"Markenware-RAM-Modul (Kapazitaetsangabe im Titel intern leicht inkonsistent, Produktart eindeutig RAM)."
https://www.kleinanzeigen.de/s-anzeige/16-gb-ddr4-2400-dimm-desktop-ram-bundle/3483451103-225-9098,16 GB DDR4-2400 DIMM Desktop RAM Bundle,22.0,ram,16GB DDR4 RAM ★ Top-Deal,Top-Deal,TRUE_POSITIVE,,"Lose RAM-Module, Bundle-Angebot."
https://www.kleinanzeigen.de/s-anzeige/samsung-2x-8gb-ddr4-2400mhz-arbeitsspeicher-16gb/3483521127-225-2670,Samsung 2x 8GB DDR4 2400mhz Arbeitsspeicher 16GB,40.0,ram,16GB DDR4 RAM,Guter Preis,TRUE_POSITIVE,,Lose RAM-Module (2x8GB).
https://www.kleinanzeigen.de/s-anzeige/nintendo-gamecube-konsole-spiel-herr-der-ringe-dol-001/3483616003-279-2842,Nintendo Gamecube Konsole + Spiel Herr der Ringe * DOL-001,70.0,retro_konsolen,Nintendo Retro-Konsole (N64/GameCube/DS) 👍 Guter Preis,Guter Preis,TRUE_POSITIVE,,Vollstaendige GameCube-Konsole + Spiel.
https://www.ebay.de/itm/137617162285,Nintendo DS Lite Handheld Konsole Silber,50.0,retro_konsolen,Nintendo Retro-Konsole (N64/GameCube/DS) 👍 Guter Preis,Guter Preis,TRUE_POSITIVE,,Vollstaendige DS-Lite-Konsole.
https://www.ebay.de/itm/318723606480,Nintendo DS Classic Konsole Blau Metallic Blue FAT Handheld (ohne Kabel) - GUT ✅,44.99,retro_konsolen,Nintendo Retro-Konsole (N64/GameCube/DS) 👍 Guter Preis,Guter Preis,TRUE_POSITIVE,,Vollstaendige DS-Konsole.
https://www.kleinanzeigen.de/s-anzeige/nintendo-gamecube-super-mario-sunshine-komplett-mit-anleitung/3484222557-227-7107,Nintendo GameCube Super Mario Sunshine – komplett mit Anleitung,45.0,retro_konsolen,Nintendo Retro-Konsole (N64/GameCube/DS) 👍 Guter Preis,Guter Preis,UNCLEAR,unklar_konsole_oder_spiel,"""GameCube Super Mario Sunshine ... komplett mit Anleitung"" -- Formulierung ""komplett mit Anleitung"" ist typisch fuer die Beschreibung eines EINZELNEN Spiels (Spiel+Huelle+Anleitung), nicht einer Konsole; ohne weiteren Kontext nicht sicher zu entscheiden, ob die Konsole tatsaechlich mitverkauft wird."
https://www.kleinanzeigen.de/s-anzeige/sony-playstation-1-konsole-ps1-klassiker/3483934670-279-16903,Sony PlayStation 1 Konsole (PS1) Klassiker,50.0,retro_konsolen,Sony Retro-Konsole (PS1/PS2) 👍 Guter Preis,Guter Preis,TRUE_POSITIVE,,Vollstaendige PS1-Konsole.
https://www.kleinanzeigen.de/s-anzeige/sony-playstation-2-konsole-mit-controller-und-2-spielen/3483354742-279-1558,Sony PlayStation 2 Konsole mit Controller und 2 Spielen,90.0,retro_konsolen,Sony Retro-Konsole (PS1/PS2) ⚠️ Okay,Okay,TRUE_POSITIVE,,Vollstaendige PS2-Konsole + Controller + Spiele.
https://www.kleinanzeigen.de/s-anzeige/pok-mon-stadium-fuer-nintendo-64-komplett-mit-ovp-transfer-pak/3484376049-227-7615,Pokémon Stadium für Nintendo 64 - Komplett mit OVP & Transfer Pak,80.0,retro_konsolen,Nintendo Retro-Konsole (N64/GameCube/DS) ⚠️ Okay,Okay,FALSE_POSITIVE,spieltitel_ohne_konsole,"""Pokemon Stadium fuer Nintendo 64"" ist ein einzelnes Spiel (Modul), keine Konsole -- Plattformname nur als Kompatibilitaetsangabe."
https://www.kleinanzeigen.de/s-anzeige/sony-playstation-2-konsole-ps2-mit-mod-chip/3483157887-279-2127,Sony PlayStation 2 Konsole (PS2) mit Mod-Chip,80.0,retro_konsolen,Sony Retro-Konsole (PS1/PS2) ⚠️ Okay,Okay,TRUE_POSITIVE,,"Vollstaendige, modifizierte PS2-Konsole."
https://www.ebay.de/itm/178388604065,Nintendo GameCube schwarz + Controller + Kabel #3,89.0,retro_konsolen,Nintendo Retro-Konsole (N64/GameCube/DS) ⚠️ Okay,Okay,TRUE_POSITIVE,,Vollstaendige GameCube-Konsole + Zubehoer.
https://www.kleinanzeigen.de/s-anzeige/playstation-2-ps2-slim-konsole-1-controller-2-spiele-memorycard/3484086703-279-21484,Playstation 2 PS2 Slim Konsole 1 Controller 2 Spiele Memorycard,85.0,retro_konsolen,Sony Retro-Konsole (PS1/PS2) ⚠️ Okay,Okay,TRUE_POSITIVE,,Vollstaendige PS2-Slim-Konsole + Controller + Spiele + Memory Card.
https://www.quoka.de/anzeigen/hobby-freizeit/konsolen-spiele/sony-playstation/playstation-2/anzeige/ps2-konsole-mit-spiele/h5494f98hfgf7693ed1g5e1gd2i7ed98.html,PS2 Konsole mit  Spiele,15.0,retro_konsolen,Sony Retro-Konsole (PS1/PS2) ★ Top-Deal,Top-Deal,TRUE_POSITIVE,,Vollstaendige PS2-Konsole + Spiele.
https://www.kleinanzeigen.de/s-anzeige/dino-crisis-2-playstation-1-ps1-psx-komplett/3483330545-227-3390,DINO CRISIS 2 (PlayStation 1 PS1 PSX) KOMPLETT,30.0,retro_konsolen,Sony Retro-Konsole (PS1/PS2) ★ Top-Deal,Top-Deal,FALSE_POSITIVE,spieltitel_ohne_konsole,"""DINO CRISIS 2 ... KOMPLETT"" ist ein einzelnes PS1-Spiel komplett in Box, keine Konsole."
https://www.kleinanzeigen.de/s-anzeige/ps2-slim-mit-defekten-laser/3484072127-279-1103,PS2 Slim mit defekten Laser,15.0,retro_konsolen,Sony Retro-Konsole (PS1/PS2) ★ Top-Deal,Top-Deal,FALSE_POSITIVE,exclude_flexionsform_nicht_erfasst,"""mit defekten Laser"" beschreibt explizit ein defektes Bauteil (Laufwerk/Laser). Exclude-Begriff ist der Wortstamm ""defekt"" (whole-word); ""defekten"" (flektierte Form) wird NICHT erfasst -- gleiches Muster wie beim ROG-Ally-Fall in handhelds."
https://www.kleinanzeigen.de/s-anzeige/s-c-a-r-s-ps1-playstation-1-pal-komplett-mit-anleitung/3483516666-227-5656,S.C.A.R.S. PS1 / PlayStation 1 – PAL – komplett mit Anleitung,12.0,retro_konsolen,Sony Retro-Konsole (PS1/PS2) ★ Top-Deal,Top-Deal,FALSE_POSITIVE,spieltitel_ohne_konsole,"""S.C.A.R.S. ... komplett mit Anleitung"" ist ein einzelnes PS1-Spiel, keine Konsole."
https://www.kleinanzeigen.de/s-anzeige/ps2-slim-konsole/3484463977-279-5230,PS2-Slim Konsole,20.0,retro_konsolen,Sony Retro-Konsole (PS1/PS2) ★ Top-Deal,Top-Deal,TRUE_POSITIVE,,Vollstaendige PS2-Slim-Konsole.
https://www.ebay.de/itm/278276322922,"ADATA S510 SSD 120GB SATA III 2,5 Zoll Festplatte Zustand 100%",15.0,sata_ssd,~128GB SATA SSD,Guter Preis,TRUE_POSITIVE,,"SATA-SSD, Formfaktor/Kapazitaet im Titel eindeutig."
https://www.kleinanzeigen.de/s-anzeige/m2-ssd-250-gb/3483812056-225-1699,M2 SSD 250 GB,30.0,sata_ssd,~250GB SATA SSD,Guter Preis,UNCLEAR,formfaktor_unklar,"""M2 SSD 250 GB"" -- M.2 kann SATA- oder NVMe-(PCIe)-Bauform sein, Titel spezifiziert es nicht; falls NVMe, waere die Zuordnung zum SATA-Preismodell ungenau."
https://www.kleinanzeigen.de/s-anzeige/foresee-m-2-sata-ssd-128-gb-fsglmmc-128gh/3484010004-225-30071,FORESEE M.2 SATA SSD 128 GB - FSGLMMC-128GH,15.0,sata_ssd,~128GB SATA SSD,Guter Preis,TRUE_POSITIVE,,Explizit als SATA-M.2-SSD beschrieben.
https://www.kleinanzeigen.de/s-anzeige/sandisk-ssd-1tb/3483233485-225-1410,SanDisk SSD 1TB,80.0,sata_ssd,~1TB SATA SSD,Guter Preis,TRUE_POSITIVE,,"SSD, Kapazitaet passt zur Preisstufe."
https://www.ebay.de/itm/227473266751,Festplatte-SSD-256 GB-ADATA,28.0,sata_ssd,~250GB SATA SSD,Guter Preis,UNCLEAR,moegliche_rule_drift,"Bei Neubewertung mit demselben Titel/Preis matcht diese Zeile aktuell auf eine ANDERE Preisstufe (Top-Deal statt Guter Preis) als im Worksheet gespeichert -- einziger Fall mit Abweichung in der gesamten Stichprobe (siehe worksheet_diagnostics.json); Ursache nicht abschliessend geklaert (evtl. Preisaenderung zwischen Scan und erneuter Bewertung), daher hier nicht als TP/FP gewertet."
https://www.kleinanzeigen.de/s-anzeige/viathan-ssd-1tb/3483233057-225-1410,Viathan SSD 1TB,80.0,sata_ssd,~1TB SATA SSD,Guter Preis,TRUE_POSITIVE,,"SSD, Kapazitaet passt zur Preisstufe."
https://www.ebay.de/itm/366602787484,"Samsung 850 EVO 250GB SSD 2,5"" SATA III - geprüft, Secure Erased, SMART gut",30.0,sata_ssd,~250GB SATA SSD,Guter Preis,TRUE_POSITIVE,,"Explizit als SATA-SSD 2,5 Zoll beschrieben."
https://www.kleinanzeigen.de/s-anzeige/crucial-bx500-1tb-ssd-/3483784289-225-3380,Crucial BX500 1TB SSD.,60.0,sata_ssd,~1TB SATA SSD ★ Top-Deal,Top-Deal,TRUE_POSITIVE,,"SATA-SSD, Kapazitaet passt zur Top-Deal-Preisstufe."
https://www.ebay.de/itm/307126187172,"SanDisk X110 128GB SATA SSD 2,5"" – SMART geprüft gebraucht",11.0,sata_ssd,~128GB SATA SSD ★ Top-Deal,Top-Deal,TRUE_POSITIVE,,"Explizit als SATA-SSD 2,5 Zoll beschrieben."
https://www.ebay.de/itm/398282074565,"Samsung 860 EVO 500GB SSD SATA 2,5 Zoll MZ-76E500 getestet gesund",39.99,sata_ssd,~500GB SATA SSD ★ Top-Deal,Top-Deal,TRUE_POSITIVE,,"Explizit als SATA SSD 2,5 Zoll beschrieben."
https://www.kleinanzeigen.de/s-anzeige/micron-1100-512gb-ssd-2-5-sata-iii/3483532465-225-4740,"Micron 1100 512GB SSD 2,5” SATA III",40.0,sata_ssd,~500GB SATA SSD ★ Top-Deal,Top-Deal,TRUE_POSITIVE,,"Explizit als SATA 2,5 Zoll beschrieben."
https://www.kleinanzeigen.de/s-anzeige/kingfast-ssd-256gb-sata-2-5-intern-festplatte/3483059280-225-1984,"KingFast SSD 256GB SATA 2,5“ Intern Festplatte",20.0,sata_ssd,~250GB SATA SSD ★ Top-Deal,Top-Deal,TRUE_POSITIVE,,"Explizit als SATA 2,5 Zoll beschrieben."
https://www.kleinanzeigen.de/s-anzeige/crucial-bx500-1tb-ssd-/3483907113-225-3380,"Crucial BX500 1TB SSD,",60.0,sata_ssd,~1TB SATA SSD ★ Top-Deal,Top-Deal,TRUE_POSITIVE,,"SATA-SSD (Duplikat-Formulierung von Zeile 8, andere Preisangabe)."
https://www.ebay.de/itm/147504234296,"2TB SSD Crucial BX500  2,5"" Interne SSD SATA 6Gb/s, guter Zustand",124.34,sata_ssd,~2TB SATA SSD ★ Top-Deal,Top-Deal,TRUE_POSITIVE,,"Explizit als SATA, interne SSD 2,5 Zoll beschrieben."
https://www.kleinanzeigen.de/s-anzeige/samsung-860-evo-sata-ssd-1tb/3483236957-225-8044,Samsung 860 EVO Sata SSD 1TB,60.0,sata_ssd,~1TB SATA SSD ★ Top-Deal,Top-Deal,TRUE_POSITIVE,,Explizit als SATA SSD beschrieben.
https://www.kleinanzeigen.de/s-anzeige/vintage-hifi-konvolut-t-a-onkyo-harman-kardon-sony/3483525230-172-17434,"Vintage HiFi Konvolut T+A, Onkyo, Harman Kardon, Sony",100.0,vintage_elektronik,Vintage-HiFi-Verstärker (Markenware) 👍 Guter Preis,Guter Preis,UNCLEAR,konvolut_produktzusammensetzung_unklar,"""HiFi Konvolut"" mehrerer Marken -- generischer Sammelbegriff, unklar ob/wie viele Verstaerker (statt anderer HiFi-Geraete wie Tuner/CD-Player) tatsaechlich enthalten sind."
https://www.kleinanzeigen.de/s-anzeige/onkyo-stereo-verstaerker-mit-canton-lautsprecher-set/3484076710-172-9437,Onkyo Stereo Verstärker mit Canton Lautsprecher Set,120.0,vintage_elektronik,Vintage-HiFi-Verstärker (Markenware) 👍 Guter Preis,Guter Preis,TRUE_POSITIVE,,Vollstaendiger Stereo-Verstaerker + Lautsprecher.
https://www.kleinanzeigen.de/s-anzeige/sansui-au-x111-integrierter-stereo-verstaerker/3483713718-172-1732,Sansui AU-X111 Integrierter Stereo-Verstärker,70.0,vintage_elektronik,Vintage-HiFi-Verstärker (Markenware) 👍 Guter Preis,Guter Preis,TRUE_POSITIVE,,Vollstaendiger integrierter Stereo-Verstaerker.
https://www.kleinanzeigen.de/s-anzeige/yamaha-rx-v367-av-receiver-verstaerker/3483350011-172-19115,Yamaha RX-V367 AV-Receiver / Verstärker,110.0,vintage_elektronik,Vintage-HiFi-Verstärker (Markenware) 👍 Guter Preis,Guter Preis,TRUE_POSITIVE,,Vollstaendiger AV-Receiver/Verstaerker.
https://www.ebay.de/itm/168610576745,Onkyo A-8620 silber  Verstärker Amplificateur Amplifier Poweramp Stereo Hifi,75.0,vintage_elektronik,Vintage-HiFi-Verstärker (Markenware) 👍 Guter Preis,Guter Preis,TRUE_POSITIVE,,Vollstaendiger Verstaerker.
https://www.ebay.de/itm/257679344442,Yamaha RX-E810 Stereo Receiver schwarz / gewartet 1 Jahr Garantie [2],169.0,vintage_elektronik,Vintage-HiFi-Verstärker (Markenware) ⚠️ Okay,Okay,TRUE_POSITIVE,,"Vollstaendiger Stereo-Receiver, gewartet."
https://www.kleinanzeigen.de/s-anzeige/yamaha-a-s-301-vollverstaerker-stereo-schwarz/3483523619-172-4570,Yamaha A-S 301 Vollverstärker Stereo schwarz,160.0,vintage_elektronik,Vintage-HiFi-Verstärker (Markenware) ⚠️ Okay,Okay,TRUE_POSITIVE,,Vollstaendiger Vollverstaerker.
https://www.kleinanzeigen.de/s-anzeige/yamaha-av-receiver-rx-v-1065/3484094676-172-3811,Yamaha AV Receiver RX-V 1065,130.0,vintage_elektronik,Vintage-HiFi-Verstärker (Markenware) ⚠️ Okay,Okay,TRUE_POSITIVE,,Vollstaendiger AV-Receiver.
https://www.kleinanzeigen.de/s-anzeige/roehrenfernseher-100-hz-70-cm-diagonale/3483170282-175-7939,"Röhrenfernseher, 100 Hz, 70 cm Diagonale",45.0,vintage_elektronik,Röhrenfernseher ⚠️ Okay,Okay,TRUE_POSITIVE,,Vollstaendiger Roehrenfernseher.
https://www.kleinanzeigen.de/s-anzeige/roehrenfernseher-itt-von-1983/3483838203-175-4899,Röhrenfernseher ITT von 1983,30.0,vintage_elektronik,Röhrenfernseher ⚠️ Okay,Okay,TRUE_POSITIVE,,Vollstaendiger Roehrenfernseher.
https://www.kleinanzeigen.de/s-anzeige/yamaha-rx-v565-av-receiver/3484062138-230-4910,Yamaha RX-V565 AV-Receiver,50.0,vintage_elektronik,Vintage-HiFi-Verstärker (Markenware) ★ Top-Deal,Top-Deal,TRUE_POSITIVE,,Vollstaendiger AV-Receiver.
https://www.kleinanzeigen.de/s-anzeige/philips-roehrenfernseher-voll-funktionsfaehig/3483957376-175-1097,Philips Röhrenfernseher - Voll funktionsfähig,10.0,vintage_elektronik,Röhrenfernseher ★ Top-Deal,Top-Deal,TRUE_POSITIVE,,"Vollstaendiger, explizit funktionsfaehiger Roehrenfernseher."
https://www.ebay.de/itm/227473023616,* *  Rarität für Telefunken Röhrenfernseher: TELEklar für Dünnhals-Bildröhren *,9.8,vintage_elektronik,Röhrenfernseher ★ Top-Deal,Top-Deal,UNCLEAR,vermutlich_zubehoer,"""Rarität FÜR Telefunken Röhrenfernseher: TELEklar ..."" -- Formulierung ""fuer ... Roehrenfernseher"" deutet eher auf Zubehoer/Ersatzteil (aehnlich dem bereits dokumentierten ""Blenden fuer LOEWE Roehrenfernseher""-Grenzfall) als auf ein komplettes Geraet hin; ""TELEklar"" nicht eindeutig identifizierbar."
https://www.kleinanzeigen.de/s-anzeige/auna-roehrenverstaerker-hifi-verstaerker-mit-vu-meter/3484278674-172-2234,Auna Röhrenverstärker HiFi Verstärker mit VU-Meter,60.0,vintage_elektronik,Vintage-HiFi-Verstärker (Markenware) ★ Top-Deal,Top-Deal,UNCLEAR,moeglicherweise_kein_original_vintage_geraet,"""Auna Röhrenverstärker"" -- Auna ist eine moderne Marke fuer Retro-Nachbauten/Reproduktionen, nicht zwingend ein originales Vintage-Geraet im Sinne der Kategorie ""Vintage-HiFi-Verstaerker (Markenware)""."
https://www.kleinanzeigen.de/s-anzeige/metz-roehrenfernseher/3483151708-175-15243,Metz  Röhrenfernseher,1.0,vintage_elektronik,Röhrenfernseher ★ Top-Deal,Top-Deal,TRUE_POSITIVE,,Vollstaendiger Roehrenfernseher.
